family,b_gs,b_t,n_sc_on,n_sc_off,n_all_on,n_all_off,detected_frac_on,detected_frac_off,sigma_initial_mm,sigma_sc_off_mm,sigma_sc_on_mm,expansion_vs_no_sc_pct,expansion_vs_initial_pct,rms_particle_dx_mm,max_abs_particle_dx_mm,power_kw,sigma_x_mm
injection_ions,1000,0.1,99988,99988,99988,99988,1.0,1.0,2.9945539974985853,2.9945539974985853,26.66481716304629,790.4436916255302,790.4436916255302,24.31087537187729,58.641862050234,100,3
injection_ions,1000,0.1,99988,99988,99988,99988,1.0,1.0,3.9927386633314605,3.9927386633314605,22.48730141588955,463.20494056895274,463.20494056895274,19.176808500677133,45.92378403250039,100,4
injection_ions,1000,0.1,99988,99988,99988,99988,1.0,1.0,4.990923329164335,4.990923329164335,20.325034344486486,307.2399635097109,307.2399635097109,16.050961998163178,38.2876910759084,100,5
injection_ions,1000,0.1,99988,99988,99988,99988,1.0,1.0,5.989107994997211,5.989107994997211,19.184339047094415,220.32047281697666,220.32047281697666,13.940680926187316,33.1630602367867,100,6
injection_ions,1000,0.1,99988,99988,99988,99988,1.0,1.0,6.987292660830085,6.987292660830085,18.621324795880373,166.50271714349768,166.50271714349768,12.400372547644906,29.4812652153488,100,7
injection_ions,1000,0.1,99988,99988,99988,99988,1.0,1.0,7.98547732666296,7.98547732666296,18.42094770617974,130.68060871794677,130.68060871794677,11.215310806164403,26.6157616661379,100,8
injection_ions,1000,0.1,99988,99988,99988,99988,1.0,1.0,8.983661992495835,8.983661992495835,18.46458585966897,105.53518014249276,105.53518014249276,10.267755013168776,24.425356214314,100,9
injection_ions,1000,0.1,99988,99988,99988,99988,1.0,1.0,9.98184665832871,9.98184665832871,18.682315741490463,87.16292065959766,87.16292065959766,9.489165740973888,22.600951693012,100,10
injection_ions,1000,0.1,99988,99988,99988,99988,1.0,1.0,10.980031324161585,10.980031324161585,19.028533330127168,73.30126634752703,73.30126634752703,8.834900626200309,21.024688584177905,100,11
injection_ions,1000,0.1,99988,99988,99988,99988,1.0,1.0,11.97821598999446,11.97821598999446,19.472786398228283,62.56833583977883,62.56833583977883,8.27551505136639,19.763133672248497,100,12
injection_ions,1000,0.1,99988,99988,99988,99988,1.0,1.0,12.976400655827335,12.976400655827335,19.993516062442218,54.07597678839928,54.07597678839928,7.790242430622547,18.5645939303381,100,13
injection_ions,1000,0.1,99988,99988,99988,99988,1.0,1.0,13.974585321660209,13.974585321660209,20.57561727988713,47.23597735666267,47.23597735666267,7.364547060554587,17.6051332891253,100,14
injection_ions,1000,0.1,99988,99988,99988,99988,1.0,1.0,14.972769987493084,14.972769987493084,21.207310388644853,41.639191721769244,41.639191721769244,6.987306997036231,16.741618575380596,100,15
injection_ions,1000,0.1,99988,99988,99988,99988,1.0,1.0,15.970954653325961,15.970954653325961,21.87984297994844,36.99771525800399,36.99771525800399,6.649985592711354,15.9408701964493,100,16
injection_ions,1000,0.1,99988,99988,99988,99988,1.0,1.0,16.969139319158835,16.969139319158835,22.586638082140077,33.10420556591731,33.10420556591731,6.34641580474041,15.237528655186502,100,17
injection_ions,1000,0.1,99988,99988,99988,99988,1.0,1.0,17.967323984991708,17.967323984991708,23.322146291619823,29.803115428324524,29.803115428324524,6.07127185802323,14.618808723211409,100,18
injection_ions,1000,0.1,99988,99988,99988,99988,1.0,1.0,18.965508650824585,18.965508650824585,24.082432784012262,26.980157650373382,26.980157650373382,5.820777610848694,14.048964375931597,100,19
injection_ions,1000,0.1,99988,99988,99988,99988,1.0,1.0,19.963693316657462,19.963693316657462,24.863524258253623,24.54370974286506,24.54370974286506,5.591099135859274,13.501483992939104,100,20
injection_ions,1000,0.1,99988,99988,99988,99988,1.0,1.0,2.9945539974985853,2.9945539974985853,49.760481445411784,1561.69925427886,1561.69925427886,47.507230898589505,107.1959605277709,200,3
injection_ions,1000,0.1,99988,99988,99988,99988,1.0,1.0,3.9927386633314605,3.9927386633314605,43.956215124815145,1000.9038865603833,1000.9038865603833,40.93030830595846,97.60242180822311,200,4
injection_ions,1000,0.1,99988,99988,99988,99988,1.0,1.0,4.990923329164335,4.990923329164335,39.25525321859315,686.5328843904706,686.5328843904706,35.3950529704386,87.5527098581334,200,5
injection_ions,1000,0.1,99988,99988,99988,99988,1.0,1.0,5.989107994997211,5.989107994997211,35.42244562921593,491.4477691637021,491.4477691637021,30.64317086946356,76.5064765274748,200,6
injection_ions,1000,0.1,99988,99988,99988,99988,1.0,1.0,6.987292660830085,6.987292660830085,32.58222682135287,366.30688598468015,366.30688598468015,26.830654993043105,66.5599120223071,200,7
injection_ions,1000,0.1,99988,99988,99988,99988,1.0,1.0,7.98547732666296,7.98547732666296,30.664001576544464,283.99710276753865,283.99710276753865,23.9307023703363,59.103859027194495,200,8
injection_ions,1000,0.1,99988,99988,99988,99988,1.0,1.0,8.983661992495835,8.983661992495835,29.393196304582446,227.18502019705272,227.18502019705272,21.675652697351314,53.0614563870688,200,9
injection_ions,1000,0.1,99988,99988,99988,99988,1.0,1.0,9.98184665832871,9.98184665832871,28.57219598700285,186.24158399751232,186.24158399751232,19.86781827430123,48.726167893855205,200,10
injection_ions,1000,0.1,99988,99988,99988,99988,1.0,1.0,10.980031324161585,10.980031324161585,28.073588888953374,155.67858651894167,155.67858651894167,18.379151141309627,44.880044870108804,200,11
injection_ions,1000,0.1,99988,99988,99988,99988,1.0,1.0,11.97821598999446,11.97821598999446,27.815660268563832,132.21872348769273,132.21872348769273,17.12754626948673,41.8380291752659,200,12
injection_ions,1000,0.1,99988,99988,99988,99988,1.0,1.0,12.976400655827335,12.976400655827335,27.74159268398563,113.78495793845316,113.78495793845316,16.056639164205833,39.1580904100538,200,13
injection_ions,1000,0.1,99988,99988,99988,99988,1.0,1.0,13.974585321660209,13.974585321660209,27.812360085364833,99.02100452495337,99.02100452495337,15.1274832913085,36.9203408134961,200,14
injection_ions,1000,0.1,99988,99988,99988,99988,1.0,1.0,14.972769987493084,14.972769987493084,27.99893602263357,86.9990392293569,86.9990392293569,14.311563274935304,34.9160321755688,200,15
injection_ions,1000,0.1,99988,99988,99988,99988,1.0,1.0,15.970954653325961,15.970954653325961,28.280891797561544,77.07702771338111,77.07702771338111,13.588622398106269,33.2237008861823,200,16
injection_ions,1000,0.1,99988,99988,99988,99988,1.0,1.0,16.969139319158835,16.969139319158835,28.64093651424146,68.78249377035111,68.78249377035111,12.941961529917132,31.699415148999798,200,17
injection_ions,1000,0.1,99988,99988,99988,99988,1.0,1.0,17.967323984991708,17.967323984991708,29.067312183633693,61.778750179569975,61.778750179569975,12.360156752500508,30.255121248980096,200,18
injection_ions,1000,0.1,99988,99988,99988,99988,1.0,1.0,18.965508650824585,18.965508650824585,29.548772300255802,55.802688155010685,55.802688155010685,11.831988318310357,29.043780395144598,200,19
injection_ions,1000,0.1,99988,99988,99988,99988,1.0,1.0,19.963693316657462,19.963693316657462,30.078199471918843,50.66450378108123,50.66450378108123,11.35086600152035,27.843788383102897,200,20
injection_ions,1000,0.1,87963,99988,99988,99988,0.8797355682681922,1.0,3.0098933396435688,2.9945539974985853,55.22380162153236,1744.1411197681518,1734.742809460217,55.26690762835747,117.59383683455101,300,3
injection_ions,1000,0.1,92537,99988,99988,99988,0.9254810577269272,1.0,4.037507501272342,3.9927386633314605,53.57850300695334,1241.8985694958687,1227.0192808327693,53.647946403446205,121.0859470026339,300,4
injection_ions,1000,0.1,96126,99988,99988,99988,0.9613753650438053,1.0,5.037521211799768,4.990923329164335,51.994129621004724,941.7737599209014,932.1371848363622,52.131256237106065,126.6265765180116,300,5
injection_ions,1000,0.1,98703,99988,99988,99988,0.9871484578149378,1.0,6.015375897947458,5.989107994997211,50.162458797280635,737.5614338426035,733.9039762152996,50.30872878812466,126.7849928123097,300,6
injection_ions,1000,0.1,99988,99988,99988,99988,1.0,1.0,6.987292660830085,6.987292660830085,47.71035259949149,582.8160049306356,582.8160049306356,42.31119270025712,107.21585584862821,300,7
injection_ions,1000,0.1,99988,99988,99988,99988,1.0,1.0,7.98547732666296,7.98547732666296,44.502705475159466,457.2954959945599,457.2954959945599,38.20612870354148,97.8533179988001,300,8
injection_ions,1000,0.1,99988,99988,99988,99988,1.0,1.0,8.983661992495835,8.983661992495835,41.81726891439306,365.48132542523916,365.48132542523916,34.56734870782857,88.44962854409259,300,9
injection_ions,1000,0.1,99988,99988,99988,99988,1.0,1.0,9.98184665832871,9.98184665832871,39.714833540907186,297.8706035097193,297.8706035097193,31.48137121960636,80.2399461394573,300,10
injection_ions,1000,0.1,99988,99988,99988,99988,1.0,1.0,10.980031324161585,10.980031324161585,38.149103904932744,247.44075657585375,247.44075657585375,28.922597466186534,73.25695774658669,300,11
injection_ions,1000,0.1,99988,99988,99988,99988,1.0,1.0,11.97821598999446,11.97821598999446,37.01212697625711,208.99532123292616,208.99532123292616,26.789724469345945,67.5832605149007,300,12
injection_ions,1000,0.1,99988,99988,99988,99988,1.0,1.0,12.976400655827335,12.976400655827335,36.20846718896542,179.0332092027786,179.0332092027786,24.988770417418188,62.8195997527629,300,13
injection_ions,1000,0.1,99988,99988,99988,99988,1.0,1.0,13.974585321660209,13.974585321660209,35.66280389539757,155.19758242930646,155.19758242930646,23.444269501724662,58.869922405386106,300,14
injection_ions,1000,0.1,99988,99988,99988,99988,1.0,1.0,14.972769987493084,14.972769987493084,35.32263439890857,135.9124893283871,135.9124893283871,22.10335340470817,55.412214152087614,300,15
injection_ions,1000,0.1,99988,99988,99988,99988,1.0,1.0,15.970954653325961,15.970954653325961,35.146434574329554,120.06470707128511,120.06470707128511,20.924600435737727,52.33442948000129,300,16
injection_ions,1000,0.1,99988,99988,99988,99988,1.0,1.0,16.969139319158835,16.969139319158835,35.10641645526617,106.88389549391952,106.88389549391952,19.880431773556374,49.677106725284105,300,17
injection_ions,1000,0.1,99988,99988,99988,99988,1.0,1.0,17.967323984991708,17.967323984991708,35.17778667530343,95.78756805792447,95.78756805792447,18.94577656911932,47.37287313936991,300,18
injection_ions,1000,0.1,99988,99988,99988,99988,1.0,1.0,18.965508650824585,18.965508650824585,35.34341581422168,86.35627688627805,86.35627688627805,18.10404226586182,45.30349454151421,300,19
injection_ions,1000,0.1,99988,99988,99988,99988,1.0,1.0,19.963693316657462,19.963693316657462,35.58869286129429,78.26707862517364,78.26707862517364,17.340397897196656,43.4139794046664,300,20
injection_ions,1000,0.1,77940,99988,99988,99988,0.779493539224707,1.0,2.908008002386586,2.9945539974985853,56.237127460995545,1777.9800767650747,1833.8711384164708,56.29962846457079,119.49424953408659,400,3
injection_ions,1000,0.1,82246,99988,99988,99988,0.8225587070448453,1.0,3.945245330370254,3.9927386633314605,55.16316999150599,1281.5872924044309,1298.2190047058245,55.274952431319214,121.40903253737179,400,4
injection_ions,1000,0.1,86042,99988,99988,99988,0.860523262791535,1.0,4.9812284291558235,4.990923329164335,54.24219863013001,986.8169084699636,988.9321660625494,54.404218420563964,124.5960817434253,400,5
injection_ions,1000,0.1,89261,99988,99988,99988,0.8927171260551267,1.0,6.012840486140576,5.989107994997211,53.35730922552668,790.9057787920474,787.389401872771,53.548615025338485,126.1847985273999,400,6
injection_ions,1000,0.1,92099,99988,99988,99988,0.9211005320638477,1.0,7.033421730240624,6.987292660830085,52.51938907843571,651.6414672717666,646.711786848006,52.75349028418245,131.0128418292185,400,7
injection_ions,1000,0.1,94559,99988,99988,99988,0.9457034844181301,1.0,8.042895131235262,7.98547732666296,51.689769868274325,547.2971840479182,542.6761635562391,51.99650624741636,132.0393893139337,400,8
injection_ions,1000,0.1,96746,99988,99988,99988,0.967576109133096,1.0,9.035277578273144,8.983661992495835,50.92242700808871,466.83373718451173,463.5956014294494,51.20663981862348,133.9692574068166,400,9
injection_ions,1000,0.1,98513,99988,99988,99988,0.9852482297875745,1.0,10.014347929423188,9.98184665832871,50.038168095304854,401.29169289085127,399.66476547402107,50.26227325894849,139.6418167657871,400,10
injection_ions,1000,0.1,99865,99988,99988,99988,0.9987698523822859,1.0,10.983610996961076,10.980031324161585,49.02435619418039,346.4864875777009,346.340972998264,48.64756222994896,144.2331947820102,400,11
injection_ions,1000,0.1,99988,99988,99988,99988,1.0,1.0,11.97821598999446,11.97821598999446,47.127878811929065,293.44656041680594,293.44656041680594,37.371606083032034,97.6147395792878,400,12
injection_ions,1000,0.1,99988,99988,99988,99988,1.0,1.0,12.976400655827335,12.976400655827335,45.498929906757745,250.62827600291038,250.62827600291038,34.74989227886416,90.37609352463289,400,13
injection_ions,1000,0.1,99988,99988,99988,99988,1.0,1.0,13.974585321660209,13.974585321660209,44.22875274061107,216.49420517729254,216.49420517729254,32.47875420797525,84.1502018752525,400,14
injection_ions,1000,0.1,99988,99988,99988,99988,1.0,1.0,14.972769987493084,14.972769987493084,43.26154506723986,188.93481368762556,188.93481368762556,30.50748215698623,78.6130270319277,400,15
injection_ions,1000,0.1,99988,99988,99988,99988,1.0,1.0,15.970954653325961,15.970954653325961,42.54630251188431,166.3979920763473,166.3979920763473,28.78663762188659,73.99545501783811,400,16
injection_ions,1000,0.1,99988,99988,99988,99988,1.0,1.0,16.969139319158835,16.969139319158835,42.03586892483015,147.71951089687843,147.71951089687843,27.269484611832013,69.9306904847625,400,17
injection_ions,1000,0.1,99988,99988,99988,99988,1.0,1.0,17.967323984991708,17.967323984991708,41.69645692868322,132.06826438657586,132.06826438657586,25.922657091669087,66.4638421768031,400,18
injection_ions,1000,0.1,99988,99988,99988,99988,1.0,1.0,18.965508650824585,18.965508650824585,41.499062788244366,118.81333926912667,118.81333926912667,24.716728070625603,63.12274459628809,400,19
injection_ions,1000,0.1,99987,99988,99988,99988,0.999989998799856,1.0,19.962151339717888,19.963693316657462,41.42096003625456,107.48144834349573,107.49747525378663,39.15090501902058,164.287092554114,400,20
injection_ions,1000,0.1,70944,99988,99988,99988,0.7095251430171621,1.0,2.7962891648696995,2.9945539974985853,56.46523213489939,1785.5973938712075,1919.2915970309007,56.54050642378073,117.5116264125852,500,3
injection_ions,1000,0.1,75009,99988,99988,99988,0.7501800216025923,1.0,3.809420219157294,3.9927386633314605,55.90724225713794,1300.2229289529823,1367.6050170570454,56.010676717109654,121.1134020919192,500,4
injection_ions,1000,0.1,78497,99988,99988,99988,0.7850642077049246,1.0,4.8384963961521255,4.990923329164335,55.3091653514377,1008.1950513693524,1043.1064699236524,55.48588149815439,124.111594434894,500,5
injection_ions,1000,0.1,81591,99988,99988,99988,0.8160079209505141,1.0,5.8641206425371974,5.989107994997211,54.70449626800201,813.3997302051904,832.8678518512421,54.94382178336678,126.44524294653169,500,6
injection_ions,1000,0.1,84274,99988,99988,99988,0.8428411409369124,1.0,6.892574461411513,6.987292660830085,54.085060032384014,674.0488721129186,684.6859012576858,54.365561836164645,130.4074451291369,500,7
injection_ions,1000,0.1,86799,99988,99988,99988,0.8680941713005561,1.0,7.922856781277114,7.98547732666296,53.60608820468693,571.2947268123833,576.6004950558499,53.98250757840426,139.1672031078236,500,8
injection_ions,1000,0.1,89061,99988,99988,99988,0.8907168860263232,1.0,8.943135693174323,8.983661992495835,53.11370792372698,491.2255822635972,493.90475271738296,53.652799179554236,142.7192299144363,500,9
injection_ions,1000,0.1,91204,99988,99988,99988,0.9121494579349522,1.0,9.957543302363144,9.98184665832871,52.73757898413765,428.3348942265524,429.6244001431745,53.33047646952906,139.9915252976693,500,10
injection_ions,1000,0.1,93051,99988,99988,99988,0.9306216746009521,1.0,10.96723301536077,10.980031324161585,52.27315629356981,376.07474651317807,376.63030611600686,52.95650754532874,143.5680565775742,500,11
injection_ions,1000,0.1,94811,99988,99988,99988,0.9482237868544225,1.0,11.969752028590676,11.97821598999446,51.920200051398005,333.4551997957587,333.76170139015915,52.642206890916775,146.60397090050668,500,12
injection_ions,1000,0.1,96398,99988,99988,99988,0.9640956914829779,1.0,12.967757123296327,12.976400655827335,51.565991189030754,297.38285335597993,297.64772503637846,52.31766887800228,154.9103615782632,500,13
injection_ions,1000,0.1,97852,99988,99988,99988,0.9786374364923791,1.0,13.964694894992927,13.974585321660209,51.255212867016006,266.77448158387847,267.03424781155564,51.93041091492901,162.0576258607893,500,14
injection_ions,1000,0.1,98963,99988,99988,99988,0.9897487698523822,1.0,14.961263003022816,14.972769987493084,50.81229054961346,239.3646639336443,239.6256755819826,51.18126625737978,154.68163641678,500,15
injection_ions,1000,0.1,99789,99988,99988,99988,0.9980097611713405,1.0,15.967075257084042,15.970954653325961,50.32922429072897,215.12971756042072,215.20628217994795,50.313259938572024,162.6226040543856,500,16
injection_ions,1000,0.1,99987,99988,99988,99988,0.999989998799856,1.0,16.968004778100774,16.969139319158835,49.48678940522948,191.6281637770333,191.64766307172462,48.19886069714129,175.332485390457,500,17
injection_ions,1000,0.1,99986,99988,99988,99988,0.999979997599712,1.0,17.96473478065086,17.967323984991708,48.67975327727343,170.93491116393363,170.97396021512412,47.43136703006136,162.9218546230797,500,18
injection_ions,1000,0.1,99985,99988,99988,99988,0.999969996399568,1.0,18.961913734448235,18.965508650824585,48.0657232120812,153.4375644598986,153.485612714079,47.05728124146919,169.378109610475,500,19
injection_ions,1000,0.1,99976,99988,99988,99988,0.9998799855982718,1.0,19.950006312173638,19.963693316657462,47.60991071575435,138.48247897110912,138.64609349372708,47.20606951832325,168.37199371495672,500,20
extraction_ions,1000,0.1,100007,100007,100007,100007,1.0,1.0,3.005838450798559,3.005838450798559,4.79627668372163,59.56535130646847,59.56535130646847,2.388811692143758,71.7279503825397,100,3
extraction_ions,1000,0.1,100007,100007,100007,100007,1.0,1.0,4.00778460106476,4.00778460106476,6.074848101109472,51.57621244154562,51.57621244154562,2.7122656444262137,59.7490345866265,100,4
extraction_ions,1000,0.1,100007,100007,100007,100007,1.0,1.0,5.0097307513309595,5.0097307513309595,7.310823744230998,45.93246837245086,45.93246837245086,2.981356214377446,51.092727082237595,100,5
extraction_ions,1000,0.1,100007,100007,100007,100007,1.0,1.0,6.011676901597159,6.011676901597159,8.506146874700404,41.49374648595177,41.49374648595177,3.20035046227506,44.0199911291245,100,6
extraction_ions,1000,0.1,100007,100007,100007,100007,1.0,1.0,7.013623051863358,7.013623051863358,9.664894787193711,37.801742633231086,37.801742633231086,3.3747924756144014,38.0866844503855,100,7
extraction_ions,1000,0.1,100007,100007,100007,100007,1.0,1.0,8.015569202129559,8.015569202129559,10.790907813175034,34.6243484531096,34.6243484531096,3.509376226747742,33.5207547191185,100,8
extraction_ions,1000,0.1,100007,100007,100007,100007,1.0,1.0,9.017515352395758,9.017515352395758,11.888436573678913,31.83716477422367,31.83716477422367,3.609278048888133,29.6488422849652,100,9
extraction_ions,1000,0.1,100007,100007,100007,100007,1.0,1.0,10.019461502661958,10.019461502661958,12.961072314118654,29.358971145057765,29.358971145057765,3.6792458086397373,26.6486182438573,100,10
extraction_ions,1000,0.1,100007,100007,100007,100007,1.0,1.0,11.02140765292816,11.02140765292816,14.012731584807748,27.141033396808023,27.141033396808023,3.723986521069861,24.029332715455,100,11
extraction_ions,1000,0.1,100007,100007,100007,100007,1.0,1.0,12.02335380319436,12.02335380319436,15.046229529755205,25.141701525557124,25.141701525557124,3.74718605729644,21.971912755137495,100,12
extraction_ions,1000,0.1,100007,100007,100007,100007,1.0,1.0,13.025299953460559,13.025299953460559,16.06445938270696,23.332740436729505,23.332740436729505,3.752649096460971,20.4158717663844,100,13
extraction_ions,1000,0.1,100007,100007,100007,100007,1.0,1.0,14.027246103726757,14.027246103726757,17.070091021282888,21.692389903587063,21.692389903587063,3.743580529783753,19.178182241104,100,14
extraction_ions,1000,0.1,100007,100007,100007,100007,1.0,1.0,15.029192253992958,15.029192253992958,18.065028471295935,20.199596664926656,20.199596664926656,3.722393642128702,17.9636721889099,100,15
extraction_ions,1000,0.1,100007,100007,100007,100007,1.0,1.0,16.031138404259156,16.031138404259156,19.051048900513415,18.837779452093862,18.837779452093862,3.691528982437466,16.9967983154473,100,16
extraction_ions,1000,0.1,100007,100007,100007,100007,1.0,1.0,17.033084554525356,17.033084554525356,20.030081963888676,17.595153712585066,17.595153712585066,3.6530128690321866,16.026706992253306,100,17
extraction_ions,1000,0.1,100007,100007,100007,100007,1.0,1.0,18.035030704791556,18.035030704791556,21.00322910587298,16.457961451059976,16.457961451059976,3.60854005739059,15.155900199911102,100,18
extraction_ions,1000,0.1,100007,100007,100007,100007,1.0,1.0,19.03697685505776,19.03697685505776,21.971527411514423,15.415003016495298,15.415003016495298,3.559146840122154,14.464902300141496,100,19
extraction_ions,1000,0.1,100007,100007,100007,100007,1.0,1.0,20.038923005323955,20.038923005323955,22.936093921359696,14.457717689049554,14.457717689049554,3.5061889206811423,13.748968351086901,100,20
extraction_ions,1000,0.1,99993,100007,100007,100007,0.999860009799314,1.0,3.0058670029908536,3.005838450798559,6.54183856071639,117.63772963175794,117.6356623299443,4.377099407567747,109.29594561172411,200,3
extraction_ions,1000,0.1,99999,100007,100007,100007,0.999920005599608,1.0,4.007836431987991,4.00778460106476,8.13916693017192,103.08394138770738,103.08131502598971,5.176126814102346,111.32293046955009,200,4
extraction_ions,1000,0.1,100007,100007,100007,100007,1.0,1.0,5.0097307513309595,5.0097307513309595,9.630421221737699,92.2343075858745,92.2343075858745,5.6267764164620875,99.45462783516182,200,5
extraction_ions,1000,0.1,100007,100007,100007,100007,1.0,1.0,6.011676901597159,6.011676901597159,10.991805680449803,82.8409254251429,82.8409254251429,6.04058451582178,87.82449812062839,200,6
extraction_ions,1000,0.1,100007,100007,100007,100007,1.0,1.0,7.013623051863358,7.013623051863358,12.290877168014186,75.24291050612968,75.24291050612968,6.382209441900581,77.8846066656113,200,7
extraction_ions,1000,0.1,100007,100007,100007,100007,1.0,1.0,8.015569202129559,8.015569202129559,13.531025996295384,68.80929669599124,68.80929669599124,6.654894537842524,69.2311097951056,200,8
extraction_ions,1000,0.1,100007,100007,100007,100007,1.0,1.0,9.017515352395758,9.017515352395758,14.71842914007356,63.22045003409051,63.22045003409051,6.866119724225864,61.7937042725562,200,9
extraction_ions,1000,0.1,100007,100007,100007,100007,1.0,1.0,10.019461502661958,10.019461502661958,15.859699702947552,58.28894296099612,58.28894296099612,7.022573684054553,55.72348377013169,200,10
extraction_ions,1000,0.1,100007,100007,100007,100007,1.0,1.0,11.02140765292816,11.02140765292816,16.95994880004392,53.881875474754025,53.881875474754025,7.13052447925764,50.2924506464731,200,11
extraction_ions,1000,0.1,100007,100007,100007,100007,1.0,1.0,12.02335380319436,12.02335380319436,18.02563318721732,49.92183946569282,49.92183946569282,7.19753656270628,45.8909672473047,200,12
extraction_ions,1000,0.1,100007,100007,100007,100007,1.0,1.0,13.025299953460559,13.025299953460559,19.061219442579457,46.33996538033871,46.33996538033871,7.228872866232971,42.11637522692689,200,13
extraction_ions,1000,0.1,100007,100007,100007,100007,1.0,1.0,14.027246103726757,14.027246103726757,20.07234184415139,43.09538519338141,43.09538519338141,7.23129766626562,38.6636827631163,200,14
extraction_ions,1000,0.1,100007,100007,100007,100007,1.0,1.0,15.029192253992958,15.029192253992958,21.06175918840582,40.13899637760059,40.13899637760059,7.207932522338292,35.8542954801667,200,15
extraction_ions,1000,0.1,100007,100007,100007,100007,1.0,1.0,16.031138404259156,16.031138404259156,22.03424761718506,37.44655595594506,37.44655595594506,7.165173243413256,33.753769983510004,200,16
extraction_ions,1000,0.1,100007,100007,100007,100007,1.0,1.0,17.033084554525356,17.033084554525356,22.9920575683196,34.9846969567885,34.9846969567885,7.105411315281095,31.877678645673203,200,17
extraction_ions,1000,0.1,100007,100007,100007,100007,1.0,1.0,18.035030704791556,18.035030704791556,23.938986370926443,32.73604443914986,32.73604443914986,7.033279913998239,30.380420285937397,200,18
extraction_ions,1000,0.1,100007,100007,100007,100007,1.0,1.0,19.03697685505776,19.03697685505776,24.87534216039382,30.6685528368698,30.6685528368698,6.949276343456477,28.838694417300893,200,19
extraction_ions,1000,0.1,100007,100007,100007,100007,1.0,1.0,20.038923005323955,20.038923005323955,25.805256576921035,28.77566608776867,28.77566608776867,6.858233822960852,27.437552304188003,200,20
extraction_ions,1000,0.1,99973,100007,100007,100007,0.9996600237983341,1.0,3.005925577133177,3.005838450798559,7.9725638994973895,165.23594098609405,165.22825315924865,5.927798327737695,110.29641804778329,300,3
extraction_ions,1000,0.1,99967,100007,100007,100007,0.9996000279980402,1.0,4.00789278623057,4.00778460106476,9.802504256546394,144.58660412892783,144.5800019956538,6.920890901100182,106.9847981594755,300,4
extraction_ions,1000,0.1,99965,100007,100007,100007,0.9995800293979421,1.0,5.009900483105502,5.0097307513309595,11.531355751304542,130.17915180852685,130.171353506738,7.9123261316758144,113.2616149201021,300,5
extraction_ions,1000,0.1,99977,100007,100007,100007,0.9997000209985301,1.0,6.01189472720916,6.011676901597159,13.194586216244138,119.48262410341202,119.47467171251222,8.755225981505314,114.2224885049997,300,6
extraction_ions,1000,0.1,99995,100007,100007,100007,0.999880008399412,1.0,7.01359825056421,7.013623051863358,14.740287913156381,110.16652597604639,110.16726916131239,9.270088537031059,115.6266230663425,300,7
extraction_ions,1000,0.1,100005,100007,100007,100007,0.999980001399902,1.0,8.015565516889916,8.015569202129559,16.142040200367134,101.38357979715965,101.38367238535571,9.55439428045071,100.41123589919981,300,8
extraction_ions,1000,0.1,100007,100007,100007,100007,1.0,1.0,9.017515352395758,9.017515352395758,17.43084599036291,93.29987595454344,93.29987595454344,9.88570753030666,93.2861391135653,300,9
extraction_ions,1000,0.1,100007,100007,100007,100007,1.0,1.0,10.019461502661958,10.019461502661958,18.64626653131557,86.10048580317071,86.10048580317071,10.13550726640401,84.93939707601079,300,10
extraction_ions,1000,0.1,100007,100007,100007,100007,1.0,1.0,11.02140765292816,11.02140765292816,19.80186752206083,79.66731787477153,79.66731787477153,10.315292091730425,77.2296941270507,300,11
extraction_ions,1000,0.1,100007,100007,100007,100007,1.0,1.0,12.02335380319436,12.02335380319436,20.90696447893165,73.88629513153889,73.88629513153889,10.436044750007975,70.7360989287011,300,12
extraction_ions,1000,0.1,100007,100007,100007,100007,1.0,1.0,13.025299953460559,13.025299953460559,21.967568506473178,68.65307198270578,68.65307198270578,10.504497873924963,65.02514079367181,300,13
extraction_ions,1000,0.1,100007,100007,100007,100007,1.0,1.0,14.027246103726757,14.027246103726757,22.99132176838443,63.904743656533554,63.904743656533554,10.529455950757876,60.00180363431449,300,14
extraction_ions,1000,0.1,100007,100007,100007,100007,1.0,1.0,15.029192253992958,15.029192253992958,23.982565768489952,59.57321832860485,59.57321832860485,10.516440919057178,55.5753309014862,300,15
extraction_ions,1000,0.1,100007,100007,100007,100007,1.0,1.0,16.031138404259156,16.031138404259156,24.94850389413207,55.62527915986144,55.62527915986144,10.473522791295359,51.89631204233371,300,16
extraction_ions,1000,0.1,100007,100007,100007,100007,1.0,1.0,17.033084554525356,17.033084554525356,25.892017679091122,52.01015175030128,52.01015175030128,10.404637621222056,48.41377027641659,300,17
extraction_ions,1000,0.1,100007,100007,100007,100007,1.0,1.0,18.035030704791556,18.035030704791556,26.81807346268102,48.699904655865,48.699904655865,10.315250741815028,45.5193049644438,300,18
extraction_ions,1000,0.1,100007,100007,100007,100007,1.0,1.0,19.03697685505776,19.03697685505776,27.729035430713385,45.658817793573725,45.658817793573725,10.208385579694026,43.33109111109429,300,19
extraction_ions,1000,0.1,100007,100007,100007,100007,1.0,1.0,20.038923005323955,20.038923005323955,28.62845261333048,42.86422781166659,42.86422781166659,10.088288909327114,41.272977521390196,300,20
extraction_ions,1000,0.1,99941,100007,100007,100007,0.9993400461967662,1.0,3.005707736507653,3.005838450798559,9.152936510870854,204.505270682102,204.5185132173129,7.194629699511669,112.0678114654077,400,3
extraction_ions,1000,0.1,99924,100007,100007,100007,0.9991700580959333,1.0,4.00773386350624,4.00778460106476,11.20606040503573,179.60735220297477,179.61089200748228,8.786977429363793,115.0064866791444,400,4
extraction_ions,1000,0.1,99912,100007,100007,100007,0.9990500664953453,1.0,5.009706209048717,5.0097307513309595,13.147626281020306,162.44177449112036,162.44306017930904,10.04138572175393,124.2752652357912,400,5
extraction_ions,1000,0.1,99907,100007,100007,100007,0.9990000699951004,1.0,6.011537085329499,6.011676901597159,14.978995513145017,149.1650126633628,149.17080774066292,11.133861623194042,120.61102129712289,400,6
extraction_ions,1000,0.1,99910,100007,100007,100007,0.9990300678952473,1.0,7.01320941778392,7.013623051863358,16.703829566497177,138.16263638604522,138.17668304813523,12.144761235633933,117.5199161239621,400,7
extraction_ions,1000,0.1,99918,100007,100007,100007,0.9991100622956393,1.0,8.015261467180869,8.015569202129559,18.304526264121076,128.3621512400887,128.37091889104838,12.997271766633375,126.9342513256106,400,8
extraction_ions,1000,0.1,99942,100007,100007,100007,0.9993500454968153,1.0,9.01721429024138,9.017515352395758,19.824662374504214,119.84617269586609,119.85351280781784,13.79150311046132,118.9674596808926,400,9
extraction_ions,1000,0.1,99977,100007,100007,100007,0.9997000209985301,1.0,10.019052756906383,10.019461502661958,21.249817144046485,112.08542134126529,112.09407375760603,13.706459040156851,130.6419306601022,400,10
extraction_ions,1000,0.1,100001,100007,100007,100007,0.999940004199706,1.0,11.021318400707083,11.02140765292816,22.53821641071687,104.4948986596003,104.49655468869233,13.38043488689593,124.7054292017031,400,11
extraction_ions,1000,0.1,100007,100007,100007,100007,1.0,1.0,12.02335380319436,12.02335380319436,23.70242955455729,97.13658886308446,97.13658886308446,13.534552426415074,95.2198025050653,400,12
extraction_ions,1000,0.1,100007,100007,100007,100007,1.0,1.0,13.025299953460559,13.025299953460559,24.792674348961135,90.34244460815064,90.34244460815064,13.644315125825125,88.119610101944,400,13
extraction_ions,1000,0.1,100007,100007,100007,100007,1.0,1.0,14.027246103726757,14.027246103726757,25.833562520591954,84.16702986146723,84.16702986146723,13.696492874002764,81.5206673178684,400,14
extraction_ions,1000,0.1,100007,100007,100007,100007,1.0,1.0,15.029192253992958,15.029192253992958,26.832612704585205,78.53662559580548,78.53662559580548,13.699995945833031,75.8865211895443,400,15
extraction_ions,1000,0.1,100007,100007,100007,100007,1.0,1.0,16.031138404259156,16.031138404259156,27.797304415256733,73.39569851054083,73.39569851054083,13.663660533565887,70.56159604201389,400,16
extraction_ions,1000,0.1,100007,100007,100007,100007,1.0,1.0,17.033084554525356,17.033084554525356,28.731816196143512,68.68240220477291,68.68240220477291,13.59176304119157,66.0396097418525,400,17
extraction_ions,1000,0.1,100007,100007,100007,100007,1.0,1.0,18.035030704791556,18.035030704791556,29.642868837940718,64.36273008431965,64.36273008431965,13.492762051447665,62.2212878773698,400,18
extraction_ions,1000,0.1,100007,100007,100007,100007,1.0,1.0,19.03697685505776,19.03697685505776,30.532988982283715,60.387803246037386,60.387803246037386,13.369355252343944,58.5436888300877,400,19
extraction_ions,1000,0.1,100007,100007,100007,100007,1.0,1.0,20.038923005323955,20.038923005323955,31.40793140744886,56.734627899435395,56.734627899435395,13.22799602320098,55.2957709321544,400,20
extraction_ions,1000,0.1,99897,100007,100007,100007,0.9989000769946104,1.0,3.0057976745687096,3.005838450798559,10.13976926121397,237.3358025452148,237.34037879541864,8.254996210323323,107.8988757570268,500,3
extraction_ions,1000,0.1,99881,100007,100007,100007,0.9987400881938264,1.0,4.007689135089949,4.00778460106476,12.457274721105515,210.82695207212373,210.8343561888046,10.082052607465991,113.4394820648191,500,4
extraction_ions,1000,0.1,99843,100007,100007,100007,0.9983601147919645,1.0,5.009403486663063,5.0097307513309595,14.517653587654303,189.789098621664,189.80803056303648,11.377661638748776,115.2616699171094,500,5
extraction_ions,1000,0.1,99823,100007,100007,100007,0.9981601287909846,1.0,6.010984776460144,6.011676901597159,16.51928828808493,174.78669526794013,174.8183351383083,12.941562868261068,117.9644580482779,500,6
extraction_ions,1000,0.1,99797,100007,100007,100007,0.9979001469897107,1.0,7.012270451106665,7.013623051863358,18.365260329725622,161.85125995396055,161.90176858947657,14.751992989960751,120.00240316545731,500,7
extraction_ions,1000,0.1,99777,100007,100007,100007,0.9977001609887308,1.0,8.013729017745272,8.015569202129559,20.09123983105631,150.65269008866537,150.710247209097,17.351464721412842,122.98521180527939,500,8
extraction_ions,1000,0.1,99771,100007,100007,100007,0.9976401651884368,1.0,9.015409123954074,9.017515352395758,21.71508259882979,140.8100430132405,140.86630235262982,18.627851188855388,128.3368549965607,500,9
extraction_ions,1000,0.1,99779,100007,100007,100007,0.9977201595888288,1.0,10.01645509167395,10.019461502661958,23.241972291152276,131.96827778596062,132.03790241591426,19.759573881062536,126.5932139788651,500,10
extraction_ions,1000,0.1,99815,100007,100007,100007,0.9980801343905926,1.0,11.01787468288458,11.02140765292816,24.707429012707752,124.1767094618218,124.24859352492766,20.78589654105359,134.5945017402601,500,11
extraction_ions,1000,0.1,99867,100007,100007,100007,0.9986000979931405,1.0,12.019635402775588,12.02335380319436,26.08969342194235,116.99181317454746,117.0589418703806,19.175811357920523,135.6785689813393,500,12
extraction_ions,1000,0.1,99920,100007,100007,100007,0.9991300608957373,1.0,13.022066380915993,13.025299953460559,27.364473273151994,110.08708721430871,110.13925495922048,19.20949842898655,137.0762965802335,500,13
extraction_ions,1000,0.1,99969,100007,100007,100007,0.9996200265981381,1.0,14.025020502661642,14.027246103726757,28.543191830080097,103.48393133629234,103.51622177424429,17.626806518520098,141.98680256746633,500,14
extraction_ions,1000,0.1,99996,100007,100007,100007,0.999890007699461,1.0,15.028391173879017,15.029192253992958,29.609403949129646,97.01261018377761,97.02311183244963,17.090811977326233,141.2886725222021,500,15
extraction_ions,1000,0.1,100006,100007,100007,100007,0.999990000699951,1.0,16.030954959278613,16.031138404259156,30.594805874428086,90.84612148504469,90.8483053701053,16.776607608000095,124.47532886358711,500,16
extraction_ions,1000,0.1,100007,100007,100007,100007,1.0,1.0,17.033084554525356,17.033084554525356,31.526662385113166,85.090740812046,85.090740812046,16.704443284476774,84.066129786184,500,17
extraction_ions,1000,0.1,100007,100007,100007,100007,1.0,1.0,18.035030704791556,18.035030704791556,32.42542152890222,79.79132977182799,79.79132977182799,16.5984025419168,79.1337380611183,500,18
extraction_ions,1000,0.1,100007,100007,100007,100007,1.0,1.0,19.03697685505776,19.03697685505776,33.298773419523584,74.91628882595789,74.91628882595789,16.46282682971824,74.64798087819538,500,19
extraction_ions,1000,0.1,100006,100007,100007,100007,0.999990000699951,1.0,20.03760958458855,20.038923005323955,34.14902394354792,70.413469498711,70.42463972255864,17.420880711637082,148.7975504109691,500,20
