beam,power_kw,species,sigma0_mm,sigmam_mm,detected_frac,lost,near_wall,sigma_e_mm,root_small_mm,root_large_mm,selected_mm,selected_branch,residual_pct,pick_correct
extraction,100.000,h2o_ions,3.000,16.841,1.000,0,0,3.041,,13.607,13.607,large,353.563,0
extraction,100.000,h2o_ions,4.000,14.191,1.000,0,0,4.009,3.969,10.129,3.969,small,-0.777,1
extraction,100.000,h2o_ions,5.000,13.047,1.000,0,0,4.986,5.369,8.085,5.369,small,7.381,1
extraction,100.000,h2o_ions,6.000,12.658,1.000,0,0,5.970,,,6.535,fold,8.922,1
extraction,100.000,h2o_ions,7.000,12.702,1.000,0,0,6.962,5.869,6.306,6.306,large,-9.909,1
extraction,100.000,h2o_ions,8.000,13.013,1.000,0,0,7.958,5.054,8.219,8.219,large,2.733,1
extraction,100.000,h2o_ions,9.000,13.499,1.000,0,0,8.962,4.480,9.012,9.012,large,0.131,1
extraction,100.000,h2o_ions,10.000,14.106,1.000,0,0,9.968,4.048,9.998,9.998,large,-0.019,1
extraction,100.000,h2o_ions,11.000,14.797,1.000,0,0,10.978,3.670,10.997,10.997,large,-0.030,1
extraction,100.000,h2o_ions,12.000,15.548,1.000,0,0,11.990,3.312,11.997,11.997,large,-0.024,1
extraction,100.000,h2o_ions,13.000,16.343,1.000,0,0,13.001,3.060,12.998,12.998,large,-0.018,1
extraction,100.000,h2o_ions,14.000,17.169,1.000,0,0,14.009,,13.998,13.998,large,-0.013,1
extraction,100.000,h2o_ions,15.000,18.020,1.000,0,0,15.013,,14.999,14.999,large,-0.009232,1
extraction,100.000,h2o_ions,16.000,18.889,1.000,0,0,16.015,,15.999,15.999,large,-0.00715,1
extraction,100.000,h2o_ions,17.000,19.772,1.000,0,0,17.013,,16.999,16.999,large,-0.005402,1
extraction,100.000,h2o_ions,18.000,20.666,1.000,0,0,18.010,,17.999,17.999,large,-0.004189,1
extraction,100.000,h2o_ions,19.000,21.570,1.000,0,0,19.006,,19.000,19.000,large,0.0008929,1
extraction,100.000,h2o_ions,20.000,22.482,1.000,0,0,20.000,,19.998,19.998,large,-0.010,1
extraction,100.000,h2o_ions,25.000,27.121,1.000,0,0,20.000,,,6.400,fold,-74.401,1
extraction,100.000,n2_ions,3.000,14.524,1.000,0,0,3.041,,10.663,10.663,large,255.447,0
extraction,100.000,n2_ions,4.000,12.603,1.000,0,0,4.009,3.884,7.834,3.884,small,-2.898,1
extraction,100.000,n2_ions,5.000,11.935,1.000,0,0,4.986,5.847,6.167,5.847,small,16.942,1
extraction,100.000,n2_ions,6.000,11.891,1.000,0,0,5.970,,,5.757,fold,-4.043,1
extraction,100.000,n2_ions,7.000,12.193,1.000,0,0,6.962,4.353,6.847,6.847,large,-2.189,1
extraction,100.000,n2_ions,8.000,12.697,1.000,0,0,7.958,3.921,8.023,8.023,large,0.286,1
extraction,100.000,n2_ions,9.000,13.324,1.000,0,0,8.962,3.447,9.001,9.001,large,0.008699,1
extraction,100.000,n2_ions,10.000,14.028,1.000,0,0,9.968,3.086,9.998,9.998,large,-0.018,1
extraction,100.000,n2_ions,11.000,14.783,1.000,0,0,10.978,,10.998,10.998,large,-0.019,1
extraction,100.000,n2_ions,12.000,15.572,1.000,0,0,11.990,,11.998,11.998,large,-0.015,1
extraction,100.000,n2_ions,13.000,16.387,1.000,0,0,13.001,,12.998,12.998,large,-0.012,1
extraction,100.000,n2_ions,14.000,17.221,1.000,0,0,14.009,,13.999,13.999,large,-0.00928,1
extraction,100.000,n2_ions,15.000,18.072,1.000,0,0,15.013,,14.999,14.999,large,-0.007612,1
extraction,100.000,n2_ions,16.000,18.936,1.000,0,0,16.015,,15.999,15.999,large,-0.006275,1
extraction,100.000,n2_ions,17.000,19.811,1.000,0,0,17.013,,16.999,16.999,large,-0.0052,1
extraction,100.000,n2_ions,18.000,20.696,1.000,0,0,18.010,,17.999,17.999,large,-0.004381,1
extraction,100.000,n2_ions,19.000,21.590,1.000,0,0,19.006,,19.000,19.000,large,0.00151,1
extraction,100.000,n2_ions,20.000,22.492,1.000,0,0,20.000,,19.997,19.997,large,-0.015,1
extraction,100.000,n2_ions,25.000,27.095,1.000,0,0,20.000,,,5.628,fold,-77.489,1
extraction,200.000,h2o_ions,3.000,32.555,1.000,0,0,3.112,,,8.951,fold,198.369,1
extraction,200.000,h2o_ions,4.000,25.649,1.000,0,0,4.078,3.979,20.760,3.979,small,-0.521,1
extraction,200.000,h2o_ions,5.000,22.070,1.000,0,0,5.028,5.042,16.220,5.042,small,0.841,1
extraction,200.000,h2o_ions,6.000,20.106,1.000,0,0,5.999,6.025,13.330,6.025,small,0.414,1
extraction,200.000,h2o_ions,7.000,19.053,1.000,0,0,6.983,6.951,11.346,6.951,small,-0.697,1
extraction,200.000,h2o_ions,8.000,18.566,1.000,0,0,7.969,8.521,9.869,8.521,small,6.507,1
extraction,200.000,h2o_ions,9.000,18.450,1.000,0,0,8.962,,,8.962,fold,-0.417,1
extraction,200.000,h2o_ions,10.000,18.591,1.000,0,0,9.954,7.908,9.723,9.723,large,-2.767,1
extraction,200.000,h2o_ions,11.000,18.912,1.000,0,0,10.950,7.190,11.051,11.051,large,0.459,1
extraction,200.000,h2o_ions,12.000,19.363,1.000,0,0,11.947,6.625,12.001,12.001,large,0.012,1
extraction,200.000,h2o_ions,13.000,19.910,1.000,0,0,12.948,6.140,12.996,12.996,large,-0.028,1
extraction,200.000,h2o_ions,14.000,20.527,1.000,0,0,13.948,5.731,13.996,13.996,large,-0.029,1
extraction,200.000,h2o_ions,15.000,21.197,1.000,0,0,14.948,5.370,14.997,14.997,large,-0.023,1
extraction,200.000,h2o_ions,16.000,21.909,1.000,0,0,15.947,5.061,15.997,15.997,large,-0.018,1
extraction,200.000,h2o_ions,17.000,22.653,1.000,0,0,16.948,4.793,16.998,16.998,large,-0.013,1
extraction,200.000,h2o_ions,18.000,23.423,1.000,0,0,17.949,4.548,17.998,17.998,large,-0.011,1
extraction,200.000,h2o_ions,19.000,24.213,1.000,0,0,18.949,4.327,19.000,19.000,large,0.002183,1
extraction,200.000,h2o_ions,20.000,25.022,1.000,0,0,19.950,4.132,19.995,19.995,large,-0.025,1
extraction,200.000,h2o_ions,25.000,29.251,1.000,0,0,19.950,3.355,,3.355,small,-86.578,0
extraction,200.000,n2_ions,3.000,28.466,1.000,0,0,3.112,,24.165,24.165,large,705.511,0
extraction,200.000,n2_ions,4.000,22.724,1.000,0,0,4.078,3.995,17.032,3.995,small,-0.114,1
extraction,200.000,n2_ions,5.000,19.993,1.000,0,0,5.028,5.036,13.054,5.036,small,0.719,1
extraction,200.000,n2_ions,6.000,18.657,1.000,0,0,5.999,5.968,10.589,5.968,small,-0.531,1
extraction,200.000,n2_ions,7.000,18.080,1.000,0,0,6.983,7.535,8.945,7.535,small,7.636,1
extraction,200.000,n2_ions,8.000,17.948,1.000,0,0,7.969,,,7.985,fold,-0.183,1
extraction,200.000,n2_ions,9.000,18.091,1.000,0,0,8.962,6.964,8.730,8.730,large,-2.995,1
extraction,200.000,n2_ions,10.000,18.412,1.000,0,0,9.954,6.284,10.052,10.052,large,0.523,1
extraction,200.000,n2_ions,11.000,18.851,1.000,0,0,10.950,5.799,11.002,11.002,large,0.017,1
extraction,200.000,n2_ions,12.000,19.374,1.000,0,0,11.947,5.367,11.996,11.996,large,-0.030,1
extraction,200.000,n2_ions,13.000,19.960,1.000,0,0,12.948,5.017,12.996,12.996,large,-0.032,1
extraction,200.000,n2_ions,14.000,20.594,1.000,0,0,13.948,4.715,13.996,13.996,large,-0.025,1
extraction,200.000,n2_ions,15.000,21.266,1.000,0,0,14.948,4.443,14.997,14.997,large,-0.021,1
extraction,200.000,n2_ions,16.000,21.970,1.000,0,0,15.947,4.207,15.997,15.997,large,-0.017,1
extraction,200.000,n2_ions,17.000,22.700,1.000,0,0,16.948,4.006,16.998,16.998,large,-0.013,1
extraction,200.000,n2_ions,18.000,23.454,1.000,0,0,17.949,3.822,17.998,17.998,large,-0.012,1
extraction,200.000,n2_ions,19.000,24.228,1.000,0,0,18.949,3.641,19.001,19.001,large,0.003373,1
extraction,200.000,n2_ions,20.000,25.020,1.000,0,0,19.950,3.469,19.993,19.993,large,-0.033,1
extraction,200.000,n2_ions,25.000,29.187,1.000,0,0,19.950,,,7.979,fold,-68.083,1
extraction,300.000,h2o_ions,3.000,47.798,0.981,1,0,3.179,,,10.964,fold,265.473,1
extraction,300.000,h2o_ions,4.000,39.027,1.000,0,0,4.131,3.834,,3.834,small,-4.144,1
extraction,300.000,h2o_ions,5.000,32.214,1.000,0,0,5.094,5.077,,5.077,small,1.541,1
extraction,300.000,h2o_ions,6.000,28.321,1.000,0,0,6.042,6.040,20.924,6.040,small,0.673,1
extraction,300.000,h2o_ions,7.000,25.996,1.000,0,0,7.004,7.032,17.532,7.032,small,0.452,1
extraction,300.000,h2o_ions,8.000,24.601,1.000,0,0,7.987,8.018,15.109,8.018,small,0.227,1
extraction,300.000,h2o_ions,9.000,23.807,1.000,0,0,8.972,8.947,13.312,8.947,small,-0.587,1
extraction,300.000,h2o_ions,10.000,23.423,1.000,0,0,9.962,10.498,11.906,10.498,small,4.985,1
extraction,300.000,h2o_ions,11.000,23.326,1.000,0,0,10.952,,,10.972,fold,-0.259,1
extraction,300.000,h2o_ions,12.000,23.438,1.000,0,0,11.953,9.932,11.708,11.708,large,-2.430,1
extraction,300.000,h2o_ions,13.000,23.702,1.000,0,0,12.951,9.184,13.053,13.053,large,0.408,1
extraction,300.000,h2o_ions,14.000,24.080,1.000,0,0,13.946,8.576,14.001,14.001,large,0.008167,1
extraction,300.000,h2o_ions,15.000,24.546,1.000,0,0,14.941,8.052,14.995,14.995,large,-0.031,1
extraction,300.000,h2o_ions,16.000,25.079,1.000,0,0,15.937,7.593,15.995,15.995,large,-0.030,1
extraction,300.000,h2o_ions,17.000,25.666,1.000,0,0,16.933,7.191,16.996,16.996,large,-0.025,1
extraction,300.000,h2o_ions,18.000,26.295,1.000,0,0,17.930,6.841,17.996,17.996,large,-0.020,1
extraction,300.000,h2o_ions,19.000,26.960,1.000,0,0,18.927,6.522,19.001,19.001,large,0.002903,1
extraction,300.000,h2o_ions,20.000,27.654,1.000,0,0,19.926,6.236,19.992,19.992,large,-0.042,1
extraction,300.000,h2o_ions,25.000,31.434,1.000,0,0,19.926,5.159,,5.159,small,-79.365,0
extraction,300.000,n2_ions,3.000,43.920,1.000,0,1,3.179,,,10.207,fold,240.249,1
extraction,300.000,n2_ions,4.000,34.924,1.000,0,0,4.131,3.907,,3.907,small,-2.319,1
extraction,300.000,n2_ions,5.000,29.445,1.000,0,0,5.094,5.053,22.556,5.053,small,1.053,1
extraction,300.000,n2_ions,6.000,26.375,1.000,0,0,6.042,6.045,18.119,6.045,small,0.747,1
extraction,300.000,n2_ions,7.000,24.665,1.000,0,0,7.004,7.030,15.144,7.030,small,0.433,1
extraction,300.000,n2_ions,8.000,23.732,1.000,0,0,7.987,7.988,13.039,7.988,small,-0.153,1
extraction,300.000,n2_ions,9.000,23.277,1.000,0,0,8.972,9.392,11.536,9.392,small,4.352,1
extraction,300.000,n2_ions,10.000,23.129,1.000,0,0,9.962,,,10.257,fold,2.571,1
extraction,300.000,n2_ions,11.000,23.190,1.000,0,0,10.952,9.516,10.555,10.555,large,-4.049,1
extraction,300.000,n2_ions,12.000,23.399,1.000,0,0,11.953,8.620,12.107,12.107,large,0.889,1
extraction,300.000,n2_ions,13.000,23.718,1.000,0,0,12.951,8.021,13.005,13.005,large,0.035,1
extraction,300.000,n2_ions,14.000,24.122,1.000,0,0,13.946,7.498,13.995,13.995,large,-0.033,1
extraction,300.000,n2_ions,15.000,24.593,1.000,0,0,14.941,7.057,14.994,14.994,large,-0.038,1
extraction,300.000,n2_ions,16.000,25.118,1.000,0,0,15.937,6.674,15.995,15.995,large,-0.032,1
extraction,300.000,n2_ions,17.000,25.690,1.000,0,0,16.933,6.331,16.995,16.995,large,-0.027,1
extraction,300.000,n2_ions,18.000,26.300,1.000,0,0,17.930,6.033,17.996,17.996,large,-0.021,1
extraction,300.000,n2_ions,19.000,26.944,1.000,0,0,18.927,5.768,19.001,19.001,large,0.004362,1
extraction,300.000,n2_ions,20.000,27.618,1.000,0,0,19.926,5.524,19.989,19.989,large,-0.054,1
extraction,300.000,n2_ions,25.000,31.322,1.000,0,0,19.926,4.593,,4.593,small,-81.629,0
extraction,500.000,h2o_ions,3.000,54.843,0.791,1,0,3.305,,,14.711,fold,390.377,1
extraction,500.000,h2o_ions,4.000,52.802,0.887,1,0,4.187,4.093,,4.093,small,2.333,1
extraction,500.000,h2o_ions,5.000,50.692,0.958,1,0,5.166,4.881,,4.881,small,-2.379,1
extraction,500.000,h2o_ions,6.000,47.395,0.995,1,0,6.136,5.922,,5.922,small,-1.294,1
extraction,500.000,h2o_ions,7.000,42.575,1.000,0,1,7.088,7.062,,7.062,small,0.881,1
extraction,500.000,h2o_ions,8.000,38.708,1.000,0,0,8.037,8.044,,8.044,small,0.553,1
extraction,500.000,h2o_ions,9.000,36.084,1.000,0,0,9.001,9.031,,9.031,small,0.349,1
extraction,500.000,h2o_ions,10.000,34.327,1.000,0,0,9.987,10.028,22.290,10.028,small,0.282,1
extraction,500.000,h2o_ions,11.000,33.167,1.000,0,0,10.973,11.023,19.952,11.023,small,0.212,1
extraction,500.000,h2o_ions,12.000,32.428,1.000,0,0,11.968,12.007,18.120,12.007,small,0.058,1
extraction,500.000,h2o_ions,13.000,31.996,1.000,0,0,12.956,12.874,16.642,12.874,small,-0.966,1
extraction,500.000,h2o_ions,14.000,31.793,1.000,0,0,13.952,14.689,15.308,14.689,small,4.920,1
extraction,500.000,h2o_ions,15.000,31.764,1.000,0,0,14.943,,,14.757,fold,-1.619,1
extraction,500.000,h2o_ions,16.000,31.871,1.000,0,0,15.940,13.414,15.783,15.783,large,-1.359,1
extraction,500.000,h2o_ions,17.000,32.086,1.000,0,0,16.932,12.728,17.028,17.028,large,0.162,1
extraction,500.000,h2o_ions,18.000,32.387,1.000,0,0,17.926,12.072,17.997,17.997,large,-0.015,1
extraction,500.000,h2o_ions,19.000,32.758,1.000,0,0,18.922,11.489,19.002,19.002,large,0.012,1
extraction,500.000,h2o_ions,20.000,33.189,1.000,0,0,19.918,10.976,19.987,19.987,large,-0.063,1
extraction,500.000,h2o_ions,25.000,35.962,1.000,0,0,19.918,9.057,,9.057,small,-63.770,0
extraction,500.000,n2_ions,3.000,55.579,0.846,1,0,3.305,,,14.483,fold,382.756,1
extraction,500.000,n2_ions,4.000,53.574,0.942,1,0,4.187,3.814,,3.814,small,-4.639,1
extraction,500.000,n2_ions,5.000,49.793,0.993,1,0,5.166,4.957,,4.957,small,-0.870,1
extraction,500.000,n2_ions,6.000,44.270,1.000,0,1,6.136,6.070,,6.070,small,1.172,1
extraction,500.000,n2_ions,7.000,39.929,1.000,0,0,7.088,7.039,,7.039,small,0.550,1
extraction,500.000,n2_ions,8.000,36.933,1.000,0,0,8.037,8.032,,8.032,small,0.399,1
extraction,500.000,n2_ions,9.000,34.906,1.000,0,0,9.001,9.031,23.744,9.031,small,0.340,1
extraction,500.000,n2_ions,10.000,33.548,1.000,0,0,9.987,10.028,21.136,10.028,small,0.277,1
extraction,500.000,n2_ions,11.000,32.653,1.000,0,0,10.973,11.022,19.137,11.022,small,0.198,1
extraction,500.000,n2_ions,12.000,32.087,1.000,0,0,11.968,11.998,17.496,11.998,small,-0.018,1
extraction,500.000,n2_ions,13.000,31.763,1.000,0,0,12.956,13.263,16.128,13.263,small,2.024,1
extraction,500.000,n2_ions,14.000,31.622,1.000,0,0,13.952,,,14.557,fold,3.977,1
extraction,500.000,n2_ions,15.000,31.624,1.000,0,0,14.943,13.979,14.052,14.052,large,-6.318,1
extraction,500.000,n2_ions,16.000,31.742,1.000,0,0,15.940,13.108,16.318,16.318,large,1.989,1
extraction,500.000,n2_ions,17.000,31.953,1.000,0,0,16.932,12.330,17.014,17.014,large,0.082,1
extraction,500.000,n2_ions,18.000,32.243,1.000,0,0,17.926,11.669,17.995,17.995,large,-0.026,1
extraction,500.000,n2_ions,19.000,32.600,1.000,0,0,18.922,11.075,19.002,19.002,large,0.013,1
extraction,500.000,n2_ions,20.000,33.014,1.000,0,0,19.918,10.542,19.982,19.982,large,-0.089,1
extraction,500.000,n2_ions,25.000,35.722,1.000,0,0,19.918,8.549,,8.549,small,-65.804,0
injection,100.000,h2o_ions,3.000,22.799,1.000,0,0,3.034,,19.517,19.517,large,550.553,0
injection,100.000,h2o_ions,4.000,19.328,1.000,0,0,4.033,3.962,15.052,3.962,small,-0.950,1
injection,100.000,h2o_ions,5.000,17.501,1.000,0,0,5.047,5.028,12.232,5.028,small,0.568,1
injection,100.000,h2o_ions,6.000,16.546,1.000,0,0,6.057,5.950,10.287,5.950,small,-0.825,1
injection,100.000,h2o_ions,7.000,16.111,1.000,0,0,7.063,7.533,8.817,7.533,small,7.620,1
injection,100.000,h2o_ions,8.000,16.011,1.000,0,0,8.065,,,7.948,fold,-0.653,1
injection,100.000,h2o_ions,9.000,16.143,1.000,0,0,9.065,6.872,8.728,8.728,large,-3.017,1
injection,100.000,h2o_ions,10.000,16.439,1.000,0,0,10.062,6.159,10.047,10.047,large,0.473,1
injection,100.000,h2o_ions,11.000,16.858,1.000,0,0,11.057,5.587,11.001,11.001,large,0.004914,1
injection,100.000,h2o_ions,12.000,17.371,1.000,0,0,12.052,5.099,11.995,11.995,large,-0.039,1
injection,100.000,h2o_ions,13.000,17.957,1.000,0,0,13.047,4.686,12.995,12.995,large,-0.038,1
injection,100.000,h2o_ions,14.000,18.601,1.000,0,0,14.042,4.322,13.996,13.996,large,-0.030,1
injection,100.000,h2o_ions,15.000,19.291,1.000,0,0,15.037,4.014,14.996,14.996,large,-0.024,1
injection,100.000,h2o_ions,16.000,20.020,1.000,0,0,16.032,3.737,15.997,15.997,large,-0.019,1
injection,100.000,h2o_ions,17.000,20.780,1.000,0,0,17.027,3.472,16.998,16.998,large,-0.015,1
injection,100.000,h2o_ions,18.000,21.566,1.000,0,0,18.023,3.239,17.998,17.998,large,-0.012,1
injection,100.000,h2o_ions,19.000,22.374,1.000,0,0,19.020,3.062,19.001,19.001,large,0.003965,1
injection,100.000,h2o_ions,20.000,23.201,1.000,0,0,20.017,,,7.932,fold,-60.340,1
injection,100.000,n2_ions,3.000,20.968,1.000,0,0,3.034,,17.887,17.887,large,496.226,0
injection,100.000,n2_ions,4.000,17.803,1.000,0,0,4.033,3.962,13.772,3.962,small,-0.954,1
injection,100.000,n2_ions,5.000,16.170,1.000,0,0,5.047,5.017,11.174,5.017,small,0.349,1
injection,100.000,n2_ions,6.000,15.356,1.000,0,0,6.057,5.821,9.391,5.821,small,-2.982,1
injection,100.000,n2_ions,7.000,15.032,1.000,0,0,7.063,7.943,8.042,7.943,small,13.473,1
injection,100.000,n2_ions,8.000,15.024,1.000,0,0,8.065,,,7.644,fold,-4.449,1
injection,100.000,n2_ions,9.000,15.234,1.000,0,0,9.065,6.160,8.837,8.837,large,-1.807,1
injection,100.000,n2_ions,10.000,15.598,1.000,0,0,10.062,5.606,10.018,10.018,large,0.177,1
injection,100.000,n2_ions,11.000,16.078,1.000,0,0,11.057,5.080,10.998,10.998,large,-0.022,1
injection,100.000,n2_ions,12.000,16.644,1.000,0,0,12.052,4.636,11.995,11.995,large,-0.039,1
injection,100.000,n2_ions,13.000,17.277,1.000,0,0,13.047,4.251,12.995,12.995,large,-0.035,1
injection,100.000,n2_ions,14.000,17.963,1.000,0,0,14.042,3.931,13.996,13.996,large,-0.027,1
injection,100.000,n2_ions,15.000,18.692,1.000,0,0,15.037,3.631,14.997,14.997,large,-0.021,1
injection,100.000,n2_ions,16.000,19.455,1.000,0,0,16.032,3.354,15.997,15.997,large,-0.016,1
injection,100.000,n2_ions,17.000,20.246,1.000,0,0,17.027,3.129,16.998,16.998,large,-0.013,1
injection,100.000,n2_ions,18.000,21.061,1.000,0,0,18.023,,17.998,17.998,large,-0.010,1
injection,100.000,n2_ions,19.000,21.896,1.000,0,0,19.020,,19.001,19.001,large,0.003318,1
injection,100.000,n2_ions,20.000,22.747,1.000,0,0,20.017,,,7.535,fold,-62.324,1
injection,200.000,h2o_ions,3.000,43.134,1.000,0,1,3.036,,,11.754,fold,291.793,1
injection,200.000,h2o_ions,4.000,36.134,1.000,0,0,4.016,3.951,,3.951,small,-1.235,1
injection,200.000,h2o_ions,5.000,31.409,1.000,0,0,4.999,5.034,,5.034,small,0.679,1
injection,200.000,h2o_ions,6.000,28.273,1.000,0,0,5.993,6.033,,6.033,small,0.554,1
injection,200.000,h2o_ions,7.000,26.205,1.000,0,0,6.995,7.030,19.380,7.030,small,0.424,1
injection,200.000,h2o_ions,8.000,24.853,1.000,0,0,8.005,8.025,17.054,8.025,small,0.309,1
injection,200.000,h2o_ions,9.000,23.995,1.000,0,0,9.022,9.008,15.217,9.008,small,0.093,1
injection,200.000,h2o_ions,10.000,23.492,1.000,0,0,10.041,9.889,13.731,9.889,small,-1.108,1
injection,200.000,h2o_ions,11.000,23.251,1.000,0,0,11.056,11.644,12.389,11.644,small,5.855,1
injection,200.000,h2o_ions,12.000,23.212,1.000,0,0,12.066,,,11.793,fold,-1.726,1
injection,200.000,h2o_ions,13.000,23.328,1.000,0,0,13.071,10.498,12.770,12.770,large,-1.770,1
injection,200.000,h2o_ions,14.000,23.569,1.000,0,0,14.072,9.796,14.031,14.031,large,0.219,1
injection,200.000,h2o_ions,15.000,23.910,1.000,0,0,15.070,9.130,14.998,14.998,large,-0.015,1
injection,200.000,h2o_ions,16.000,24.334,1.000,0,0,16.066,8.544,15.994,15.994,large,-0.039,1
injection,200.000,h2o_ions,17.000,24.825,1.000,0,0,17.061,8.026,16.994,16.994,large,-0.036,1
injection,200.000,h2o_ions,18.000,25.373,1.000,0,0,18.055,7.562,17.995,17.995,large,-0.030,1
injection,200.000,h2o_ions,19.000,25.969,1.000,0,0,19.050,7.145,19.005,19.005,large,0.026,1
injection,200.000,h2o_ions,20.000,26.606,1.000,0,0,20.044,6.772,,6.772,small,-66.140,0
injection,200.000,n2_ions,3.000,39.415,1.000,0,0,3.036,,,11.077,fold,269.246,1
injection,200.000,n2_ions,4.000,32.729,1.000,0,0,4.016,3.946,,3.946,small,-1.338,1
injection,200.000,n2_ions,5.000,28.411,1.000,0,0,4.999,5.036,,5.036,small,0.728,1
injection,200.000,n2_ions,6.000,25.633,1.000,0,0,5.993,6.033,19.963,6.033,small,0.553,1
injection,200.000,n2_ions,7.000,23.847,1.000,0,0,6.995,7.028,17.238,7.028,small,0.403,1
injection,200.000,n2_ions,8.000,22.719,1.000,0,0,8.005,8.018,15.152,8.018,small,0.220,1
injection,200.000,n2_ions,9.000,22.046,1.000,0,0,9.022,8.962,13.509,8.962,small,-0.422,1
injection,200.000,n2_ions,10.000,21.698,1.000,0,0,10.041,10.419,12.191,10.419,small,4.190,1
injection,200.000,n2_ions,11.000,21.592,1.000,0,0,11.056,,,11.091,fold,0.826,1
injection,200.000,n2_ions,12.000,21.670,1.000,0,0,12.066,10.190,11.633,11.633,large,-3.058,1
injection,200.000,n2_ions,13.000,21.890,1.000,0,0,13.071,9.331,13.074,13.074,large,0.567,1
injection,200.000,n2_ions,14.000,22.224,1.000,0,0,14.072,8.671,14.002,14.002,large,0.015,1
injection,200.000,n2_ions,15.000,22.648,1.000,0,0,15.070,8.082,14.995,14.995,large,-0.036,1
injection,200.000,n2_ions,16.000,23.147,1.000,0,0,16.066,7.561,15.994,15.994,large,-0.038,1
injection,200.000,n2_ions,17.000,23.706,1.000,0,0,17.061,7.101,16.995,16.995,large,-0.030,1
injection,200.000,n2_ions,18.000,24.317,1.000,0,0,18.055,6.691,17.995,17.995,large,-0.026,1
injection,200.000,n2_ions,19.000,24.969,1.000,0,0,19.050,6.320,19.004,19.004,large,0.019,1
injection,200.000,n2_ions,20.000,25.659,1.000,0,0,20.044,5.989,,5.989,small,-70.057,0
injection,300.000,h2o_ions,3.000,51.641,0.915,1,0,3.071,,,14.728,fold,390.940,1
injection,300.000,h2o_ions,4.000,49.060,0.972,1,0,4.023,3.921,,3.921,small,-1.985,1
injection,300.000,h2o_ions,5.000,45.326,1.000,0,1,5.008,4.925,,4.925,small,-1.496,1
injection,300.000,h2o_ions,6.000,40.367,1.000,0,1,5.996,6.089,,6.089,small,1.480,1
injection,300.000,h2o_ions,7.000,36.748,1.000,0,0,6.986,7.026,,7.026,small,0.372,1
injection,300.000,h2o_ions,8.000,34.126,1.000,0,0,7.984,8.026,,8.026,small,0.322,1
injection,300.000,h2o_ions,9.000,32.238,1.000,0,0,8.989,9.025,,9.025,small,0.276,1
injection,300.000,h2o_ions,10.000,30.894,1.000,0,0,9.997,10.023,,10.023,small,0.233,1
injection,300.000,h2o_ions,11.000,29.957,1.000,0,0,11.007,11.020,19.599,11.020,small,0.181,1
injection,300.000,h2o_ions,12.000,29.333,1.000,0,0,12.016,12.004,17.988,12.004,small,0.036,1
injection,300.000,h2o_ions,13.000,28.953,1.000,0,0,13.026,12.875,16.632,12.875,small,-0.963,1
injection,300.000,h2o_ions,14.000,28.767,1.000,0,0,14.038,14.658,15.340,14.658,small,4.701,1
injection,300.000,h2o_ions,15.000,28.737,1.000,0,0,15.047,,,14.763,fold,-1.580,1
injection,300.000,h2o_ions,16.000,28.837,1.000,0,0,16.055,13.436,15.769,15.769,large,-1.446,1
injection,300.000,h2o_ions,17.000,29.042,1.000,0,0,17.060,12.700,17.029,17.029,large,0.171,1
injection,300.000,h2o_ions,18.000,29.337,1.000,0,0,18.062,11.992,17.997,17.997,large,-0.018,1
injection,300.000,h2o_ions,19.000,29.707,1.000,0,0,19.062,11.348,19.030,19.030,large,0.160,1
injection,300.000,h2o_ions,20.000,30.140,1.000,0,0,20.060,10.772,,10.772,small,-46.142,0
injection,300.000,n2_ions,3.000,50.631,0.947,1,0,3.071,,,13.766,fold,358.858,1
injection,300.000,n2_ions,4.000,46.826,0.996,0,1,4.023,3.747,,3.747,small,-6.330,1
injection,300.000,n2_ions,5.000,40.766,1.000,0,1,5.008,5.098,,5.098,small,1.964,1
injection,300.000,n2_ions,6.000,36.211,1.000,0,0,5.996,6.034,,6.034,small,0.570,1
injection,300.000,n2_ions,7.000,32.998,1.000,0,0,6.986,7.028,,7.028,small,0.397,1
injection,300.000,n2_ions,8.000,30.736,1.000,0,0,7.984,8.027,,8.027,small,0.332,1
injection,300.000,n2_ions,9.000,29.153,1.000,0,0,8.989,9.025,,9.025,small,0.276,1
injection,300.000,n2_ions,10.000,28.066,1.000,0,0,9.997,10.021,18.815,10.021,small,0.211,1
injection,300.000,n2_ions,11.000,27.350,1.000,0,0,11.007,11.006,17.132,11.006,small,0.058,1
injection,300.000,n2_ions,12.000,26.917,1.000,0,0,12.016,11.889,15.726,11.889,small,-0.921,1
injection,300.000,n2_ions,13.000,26.704,1.000,0,0,13.026,13.624,14.414,13.624,small,4.797,1
injection,300.000,n2_ions,14.000,26.667,1.000,0,0,14.038,,,13.798,fold,-1.442,1
injection,300.000,n2_ions,15.000,26.770,1.000,0,0,15.047,12.516,14.761,14.761,large,-1.593,1
injection,300.000,n2_ions,16.000,26.989,1.000,0,0,16.055,11.782,16.032,16.032,large,0.198,1
injection,300.000,n2_ions,17.000,27.303,1.000,0,0,17.060,11.085,16.997,16.997,large,-0.015,1
injection,300.000,n2_ions,18.000,27.696,1.000,0,0,18.062,10.459,17.993,17.993,large,-0.037,1
injection,300.000,n2_ions,19.000,28.156,1.000,0,0,19.062,9.901,19.016,19.016,large,0.082,1
injection,300.000,n2_ions,20.000,28.672,1.000,0,0,20.060,9.394,,9.394,small,-53.031,0
injection,500.000,h2o_ions,3.000,55.296,0.731,1,0,3.136,,,19.487,fold,549.556,1
injection,500.000,h2o_ions,4.000,53.566,0.795,1,0,4.088,4.118,,4.118,small,2.960,1
injection,500.000,h2o_ions,5.000,52.334,0.850,1,0,5.033,4.918,,4.918,small,-1.632,1
injection,500.000,h2o_ions,6.000,51.069,0.894,1,0,6.016,6.079,,6.079,small,1.316,1
injection,500.000,h2o_ions,7.000,50.026,0.932,1,0,6.998,6.963,,6.963,small,-0.533,1
injection,500.000,h2o_ions,8.000,48.937,0.962,1,0,7.987,8.033,,8.033,small,0.413,1
injection,500.000,h2o_ions,9.000,47.814,0.985,1,0,8.986,8.936,,8.936,small,-0.713,1
injection,500.000,h2o_ions,10.000,46.294,0.999,0,1,9.987,9.897,,9.897,small,-1.033,1
injection,500.000,h2o_ions,11.000,44.059,1.000,0,1,10.986,11.077,,11.077,small,0.702,1
injection,500.000,h2o_ions,12.000,42.215,1.000,0,1,11.988,12.025,,12.025,small,0.212,1
injection,500.000,h2o_ions,13.000,40.789,1.000,0,1,12.992,13.020,,13.020,small,0.153,1
injection,500.000,h2o_ions,14.000,39.699,1.000,0,0,13.996,14.020,,14.020,small,0.141,1
injection,500.000,h2o_ions,15.000,38.883,1.000,0,0,15.001,15.019,,15.019,small,0.128,1
injection,500.000,h2o_ions,16.000,38.293,1.000,0,0,16.004,16.015,,16.015,small,0.095,1
injection,500.000,h2o_ions,17.000,37.890,1.000,0,0,17.008,16.992,,16.992,small,-0.047,1
injection,500.000,h2o_ions,18.000,37.645,1.000,0,0,18.012,18.244,,18.244,small,1.357,1
injection,500.000,h2o_ions,19.000,37.533,1.000,0,0,19.014,,,20.000,fold,5.263,1
injection,500.000,h2o_ions,20.000,37.535,1.000,0,0,20.018,18.984,,18.984,small,-5.079,0
injection,500.000,n2_ions,3.000,55.528,0.757,1,0,3.136,,,18.068,fold,502.269,1
injection,500.000,n2_ions,4.000,53.700,0.830,1,0,4.088,3.878,,3.878,small,-3.046,1
injection,500.000,n2_ions,5.000,51.587,0.888,1,0,5.033,5.076,,5.076,small,1.528,1
injection,500.000,n2_ions,6.000,49.890,0.934,1,0,6.016,6.037,,6.037,small,0.620,1
injection,500.000,n2_ions,7.000,48.387,0.970,1,0,6.998,6.984,,6.984,small,-0.236,1
injection,500.000,n2_ions,8.000,46.666,0.993,1,0,7.987,7.865,,7.865,small,-1.682,1
injection,500.000,n2_ions,9.000,43.992,1.000,0,1,8.986,9.035,,9.035,small,0.385,1
injection,500.000,n2_ions,10.000,41.393,1.000,0,1,9.987,10.047,,10.047,small,0.468,1
injection,500.000,n2_ions,11.000,39.412,1.000,0,0,10.986,11.021,,11.021,small,0.193,1
injection,500.000,n2_ions,12.000,37.912,1.000,0,0,11.988,12.021,,12.021,small,0.176,1
injection,500.000,n2_ions,13.000,36.791,1.000,0,0,12.992,13.021,,13.021,small,0.158,1
injection,500.000,n2_ions,14.000,35.972,1.000,0,0,13.996,14.019,,14.019,small,0.137,1
injection,500.000,n2_ions,15.000,35.400,1.000,0,0,15.001,15.010,,15.010,small,0.068,1
injection,500.000,n2_ions,16.000,35.027,1.000,0,0,16.004,15.954,,15.954,small,-0.285,1
injection,500.000,n2_ions,17.000,34.822,1.000,0,0,17.008,17.395,19.170,17.395,small,2.324,1
injection,500.000,n2_ions,18.000,34.755,1.000,0,0,18.012,,,18.076,fold,0.421,1
injection,500.000,n2_ions,19.000,34.806,1.000,0,0,19.014,17.168,18.504,18.504,large,-2.609,1
injection,500.000,n2_ions,20.000,34.956,1.000,0,0,20.018,16.256,,16.256,small,-18.719,0
