family,b_gs,b_t,n_sc_on,n_sc_off,n_all_on,n_all_off,detected_frac_on,detected_frac_off,sigma_initial_mm,sigma_sc_off_mm,sigma_sc_on_mm,expansion_vs_no_sc_pct,expansion_vs_initial_pct,rms_particle_dx_mm,max_abs_particle_dx_mm,voltage_kv,power_kw
injection_electrons_s10x10,0,0.0,100031,100031,100031,100031,1.0,1.0,9.998651729884015,11.94312092121535,18.842350286522073,57.767391043082974,88.44891086871216,27.473750657854257,109.8875954498848,5,100
injection_electrons_s10x10,25,0.0025,100031,100031,100031,100031,1.0,1.0,9.998651729884015,10.789724393560842,14.014380861833578,29.886365496019216,40.162706337168785,6.322567546887601,32.82845447226,5,100
injection_electrons_s10x10,50,0.005,100031,100031,100031,100031,1.0,1.0,9.998651729884015,10.019099074130056,9.724678591299476,-2.938592388918404,-2.740100825451164,2.6545368751447724,15.834941363464,5,100
injection_electrons_s10x10,75,0.007500000000000001,100031,100031,100031,100031,1.0,1.0,9.998651729884015,10.071305107868312,10.199679148534976,1.2746514904644402,2.010545262319008,1.3285404887617716,10.9144764075271,5,100
injection_electrons_s10x10,100,0.01,100031,100031,100031,100031,1.0,1.0,9.998651729884015,10.014251312985074,9.966585071948254,-0.4759840705716445,-0.3207098197041902,0.8300038164927817,8.3194103490471,5,100
injection_electrons_s10x10,125,0.0125,100031,100031,100031,100031,1.0,1.0,9.998651729884015,10.018834350771106,10.037464643096715,0.18595269343060217,0.38818146947448007,0.6288675063633702,6.366413514133999,5,100
injection_electrons_s10x10,150,0.015000000000000001,100031,100031,100031,100031,1.0,1.0,9.998651729884015,10.008930316865388,9.990585089060554,-0.1832885955247665,-0.08067728571194976,0.5177877670314825,5.171970415366898,5,100
injection_electrons_s10x10,175,0.0175,100031,100031,100031,100031,1.0,1.0,9.998651729884015,10.00766293538389,10.005429723915618,-0.022315014831031377,0.06778908011513263,0.44043413831590744,3.9819641685577,5,100
injection_electrons_s10x10,200,0.02,100031,100031,100031,100031,1.0,1.0,9.998651729884015,10.005331307217372,10.006429717427554,0.010978249259885331,0.07779036367765446,0.3828480066300658,3.4116347335413,5,100
injection_electrons_s10x10,225,0.022500000000000003,100031,100031,100031,100031,1.0,1.0,9.998651729884015,10.003887878741827,9.995652105600744,-0.08232572416754236,-0.03000028768185281,0.34089744047779913,3.8146980605504943,5,100
injection_electrons_s10x10,250,0.025,100031,100031,100031,100031,1.0,1.0,9.998651729884015,10.003192714574336,10.003503791665112,0.0031097780443856138,0.048527160583011764,0.3077899900298852,3.1300771935535012,5,100
injection_electrons_s10x10,275,0.0275,100031,100031,100031,100031,1.0,1.0,9.998651729884015,10.002284249885918,9.998529028760217,-0.03754363535253269,-0.001227176694551524,0.28080929893732726,2.9679030349070996,5,100
injection_electrons_s10x10,300,0.030000000000000002,100031,100031,100031,100031,1.0,1.0,9.998651729884015,10.001690643723114,10.001105274002208,-0.005852707724696149,0.024538749668212567,0.25942885003369015,3.4718114160092997,5,100
injection_electrons_s10x10,1000,0.1,100031,100031,100031,100031,1.0,1.0,9.998651729884015,9.99885661001668,9.999039997308792,0.0018340826282825518,0.0038831978077302765,0.10918879877028641,1.2653631763523991,5,100
injection_electrons_s10x10,0,0.0,100031,100031,100031,100031,1.0,1.0,9.998651729884015,11.94312092121535,15.37581606470237,28.742027868019804,53.77889419577504,20.089360961648406,136.9849703494179,5,500
injection_electrons_s10x10,25,0.0025,100031,100031,100031,100031,1.0,1.0,9.998651729884015,10.789724393560842,13.709932252940115,27.064712247163712,37.1178097139218,9.084808780981652,43.53741629378249,5,500
injection_electrons_s10x10,50,0.005,100031,100031,100031,100031,1.0,1.0,9.998651729884015,10.019099074130056,11.33526890794156,13.136608631907198,13.367974144580486,5.754397166524977,27.007333813897702,5,500
injection_electrons_s10x10,75,0.007500000000000001,100031,100031,100031,100031,1.0,1.0,9.998651729884015,10.071305107868312,10.55002781710213,4.753333397275505,5.514504376326657,3.6237516813861124,18.240477812739197,5,500
injection_electrons_s10x10,100,0.01,100031,100031,100031,100031,1.0,1.0,9.998651729884015,10.014251312985074,10.300131638776737,2.8547348858818156,3.015205620090322,2.6776060468531893,15.193308541532398,5,500
injection_electrons_s10x10,125,0.0125,100031,100031,100031,100031,1.0,1.0,9.998651729884015,10.018834350771106,10.216912152969126,1.9770543684333397,2.1828985445384808,2.1159733320820773,13.9614725977722,5,500
injection_electrons_s10x10,150,0.015000000000000001,100031,100031,100031,100031,1.0,1.0,9.998651729884015,10.008930316865388,10.098328064378585,0.893179837235536,0.9968977536906953,1.567449806393179,9.413132786627,5,500
injection_electrons_s10x10,175,0.0175,100031,100031,100031,100031,1.0,1.0,9.998651729884015,10.00766293538389,10.047798178753526,0.4010451154158323,0.49153076031862586,1.0875246523034607,7.066465696571399,5,500
injection_electrons_s10x10,200,0.02,100031,100031,100031,100031,1.0,1.0,9.998651729884015,10.005331307217372,10.022282628456287,0.169422887842674,0.236340850853356,0.834659973340107,6.4040732751344995,5,500
injection_electrons_s10x10,225,0.022500000000000003,100031,100031,100031,100031,1.0,1.0,9.998651729884015,10.003887878741827,10.017072280274402,0.13179277589256966,0.18423034313046482,0.6847854391315731,5.584089270313603,5,500
injection_electrons_s10x10,250,0.025,100031,100031,100031,100031,1.0,1.0,9.998651729884015,10.003192714574336,10.01091189198779,0.07716713687029308,0.12261815327692105,0.5764983355509093,5.5758822431452,5,500
injection_electrons_s10x10,275,0.0275,100031,100031,100031,100031,1.0,1.0,9.998651729884015,10.002284249885918,10.00340974987993,0.01125242960402506,0.047586615920369724,0.49035724404352027,4.042456004720601,5,500
injection_electrons_s10x10,300,0.030000000000000002,100031,100031,100031,100031,1.0,1.0,9.998651729884015,10.001690643723114,10.004795122217393,0.03103953726291131,0.06144220740298412,0.42257125120030686,3.2480418832787996,5,500
injection_electrons_s10x10,1000,0.1,100031,100031,100031,100031,1.0,1.0,9.998651729884015,9.99885661001668,9.999239036580741,0.003824702953303394,0.005873858922100794,0.11769055742168771,1.2072691321024003,5,500
injection_electrons_s10x10,0,0.0,100031,100031,100031,100031,1.0,1.0,9.998651729884015,11.011897101186639,14.491284889088499,31.59662459547432,44.932389691870966,22.971475895672498,68.4901653526623,10,100
injection_electrons_s10x10,25,0.0025,100031,100031,100031,100031,1.0,1.0,9.998651729884015,10.70414980153808,5.493501298533966,-48.678770379833395,-45.05757929226634,7.226566310698548,25.483590622757305,10,100
injection_electrons_s10x10,50,0.005,100031,100031,100031,100031,1.0,1.0,9.998651729884015,10.084553519080732,13.201209128616277,30.90524140348503,32.02989248200778,3.6449164703036687,12.8718603822441,10,100
injection_electrons_s10x10,75,0.007500000000000001,100031,100031,100031,100031,1.0,1.0,9.998651729884015,10.018357482184092,9.499279565533882,-5.181267663619504,-4.994395022857001,1.41771108197855,9.4726155097553,10,100
injection_electrons_s10x10,100,0.01,100031,100031,100031,100031,1.0,1.0,9.998651729884015,10.047945083204418,9.938687375268001,-1.0873637050330398,-0.5997244052094786,0.8741918404460702,7.8348987170025,10,100
injection_electrons_s10x10,125,0.0125,100031,100031,100031,100031,1.0,1.0,9.998651729884015,10.003570682058353,10.102774155445758,0.9916806362485042,1.0413646597024817,0.6078034366473106,5.437352262699709,10,100
injection_electrons_s10x10,150,0.015000000000000001,100031,100031,100031,100031,1.0,1.0,9.998651729884015,10.011906767856747,9.915052953944715,-0.9673862947164213,-0.8361004883232437,0.48515207638468666,5.138515302372399,10,100
injection_electrons_s10x10,175,0.0175,100031,100031,100031,100031,1.0,1.0,9.998651729884015,10.010892666581878,10.09824680148913,0.8725908649371172,0.996085015217063,0.4217448549825541,5.1379419700434,10,100
injection_electrons_s10x10,200,0.02,100031,100031,100031,100031,1.0,1.0,9.998651729884015,10.00109242656167,9.939343558421001,-0.6174212326712558,-0.5931616888480429,0.3659576971075516,4.404186775194501,10,100
injection_electrons_s10x10,225,0.022500000000000003,100031,100031,100031,100031,1.0,1.0,9.998651729884015,10.006046771992425,10.016437160370856,0.10384109344276915,0.17787828766635538,0.3287696687734647,4.1245757228728,10,100
injection_electrons_s10x10,250,0.025,100031,100031,100031,100031,1.0,1.0,9.998651729884015,10.0035334642357,10.015256693055557,0.11719087922053006,0.16607202270995103,0.29496313158942056,2.9987451432409,10,100
injection_electrons_s10x10,275,0.0275,100031,100031,100031,100031,1.0,1.0,9.998651729884015,10.00065512076562,9.976297846609159,-0.2435567856538201,-0.22356897588546865,0.26842424782795715,3.5304226910790995,10,100
injection_electrons_s10x10,300,0.030000000000000002,100031,100031,100031,100031,1.0,1.0,9.998651729884015,10.002976849164302,10.018195449247585,0.1521407108380446,0.19546354740167526,0.2501894260319827,2.835499052964799,10,100
injection_electrons_s10x10,1000,0.1,100031,100031,100031,100031,1.0,1.0,9.998651729884015,9.999231188946965,9.999270643294011,0.0003945738057398174,0.006189968674941149,0.10900591141839899,1.3157863930906002,10,100
injection_electrons_s10x10,0,0.0,100031,100031,100031,100031,1.0,1.0,9.998651729884015,11.011897101186639,17.216634243019744,56.34576027017619,72.18955823376257,21.996276008890806,128.9149784641553,10,500
injection_electrons_s10x10,25,0.0025,100031,100031,100031,100031,1.0,1.0,9.998651729884015,10.70414980153808,13.645665396033694,27.48014227223303,36.47505448409076,9.840784495609649,48.657229749736295,10,500
injection_electrons_s10x10,50,0.005,100031,100031,100031,100031,1.0,1.0,9.998651729884015,10.084553519080732,12.072680160509298,19.71457276385,20.743081033879985,6.210423877677755,27.015425069094896,10,500
injection_electrons_s10x10,75,0.007500000000000001,100031,100031,100031,100031,1.0,1.0,9.998651729884015,10.018357482184092,10.525178972101354,5.058927981144179,5.26598241884606,3.8621062220816134,20.3300261113909,10,500
injection_electrons_s10x10,100,0.01,100031,100031,100031,100031,1.0,1.0,9.998651729884015,10.047945083204418,10.221511095794957,1.7273781967684476,2.2288941742500956,2.553951180071577,13.5189896062782,10,500
injection_electrons_s10x10,125,0.0125,100031,100031,100031,100031,1.0,1.0,9.998651729884015,10.003570682058353,10.145144643873385,1.415234282984068,1.4651266785453698,1.8738947505713892,12.7584054614942,10,500
injection_electrons_s10x10,150,0.015000000000000001,100031,100031,100031,100031,1.0,1.0,9.998651729884015,10.011906767856747,10.07564273115291,0.63660164615984,0.7700138313527338,1.3969439247414088,9.4910431132063,10,500
injection_electrons_s10x10,175,0.0175,100031,100031,100031,100031,1.0,1.0,9.998651729884015,10.010892666581878,10.050897187350463,0.39960992591727695,0.5225250251521096,1.0945979593001367,8.3159190449036,10,500
injection_electrons_s10x10,200,0.02,100031,100031,100031,100031,1.0,1.0,9.998651729884015,10.00109242656167,10.00199104561608,0.008985208976008963,0.033397660227363346,0.8336148732679949,5.697292099890299,10,500
injection_electrons_s10x10,225,0.022500000000000003,100031,100031,100031,100031,1.0,1.0,9.998651729884015,10.006046771992425,10.010101047357415,0.0405182531860504,0.11450861358817122,0.6517157699239724,4.276555885128501,10,500
injection_electrons_s10x10,250,0.025,100031,100031,100031,100031,1.0,1.0,9.998651729884015,10.0035334642357,10.006640607825574,0.031060460795995226,0.07989955203342447,0.5249879677290549,3.3045134774725007,10,500
injection_electrons_s10x10,275,0.0275,100031,100031,100031,100031,1.0,1.0,9.998651729884015,10.00065512076562,9.99586860390607,-0.04786203305432446,-0.027835012691035388,0.461408600828774,2.9485654790093996,10,500
injection_electrons_s10x10,300,0.030000000000000002,100031,100031,100031,100031,1.0,1.0,9.998651729884015,10.002976849164302,10.0050345521741,0.020570906449424164,0.06383682982984418,0.41813070436319605,3.3046616356949006,10,500
injection_electrons_s10x10,1000,0.1,100031,100031,100031,100031,1.0,1.0,9.998651729884015,9.999231188946965,9.999064198875063,-0.0016700291126992006,0.004125246105091129,0.12195390519385677,1.2136214593196,10,500
injection_electrons_s10x10,0,0.0,100031,100031,100031,100031,1.0,1.0,9.998651729884015,10.684431909167126,9.035995078067401,-15.428399423701544,-9.627864614380165,16.459291696164048,46.2007524607263,15,100
injection_electrons_s10x10,25,0.0025,100031,100031,100031,100031,1.0,1.0,9.998651729884015,10.550911303988768,4.996049617406108,-52.6481696844769,-50.03276689322129,8.94501599285438,24.7772767481556,15,100
injection_electrons_s10x10,50,0.005,100031,100031,100031,100031,1.0,1.0,9.998651729884015,10.171248839563594,11.065761301870667,8.794519497228759,10.672534665821697,1.613964097855193,10.337309707569,15,100
injection_electrons_s10x10,75,0.007500000000000001,100031,100031,100031,100031,1.0,1.0,9.998651729884015,10.003204088013243,11.485684252873831,14.820053173133108,14.872330421764435,1.720090424617907,7.274018934184,15,100
injection_electrons_s10x10,100,0.01,100031,100031,100031,100031,1.0,1.0,9.998651729884015,10.023911371848065,9.484207850373693,-5.384160947293671,-5.145132497942195,0.8912219222315292,5.4868352158283,15,100
injection_electrons_s10x10,125,0.0125,100031,100031,100031,100031,1.0,1.0,9.998651729884015,10.029714309079251,9.849657968915617,-1.7952290026909457,-1.4901385206075868,0.5143286119098956,5.953085296965,15,100
injection_electrons_s10x10,150,0.015000000000000001,100031,100031,100031,100031,1.0,1.0,9.998651729884015,10.00370708521415,10.209112566959174,2.053293643999443,2.1048921670722143,0.4398715806269107,5.3377984537244,15,100
injection_electrons_s10x10,175,0.0175,100031,100031,100031,100031,1.0,1.0,9.998651729884015,10.00348317973982,9.887633680072726,-1.1580916125467744,-1.1103302006157278,0.3847482021781114,4.5130895858507,15,100
injection_electrons_s10x10,200,0.02,100031,100031,100031,100031,1.0,1.0,9.998651729884015,10.01033323016052,9.999673657214064,-0.10648569534467134,0.010220651320369534,0.3337035972612978,4.048402824052399,15,100
injection_electrons_s10x10,225,0.022500000000000003,100031,100031,100031,100031,1.0,1.0,9.998651729884015,10.003990241539386,10.090004801012785,0.8598025127637854,0.9136538965122121,0.3134858318053634,3.449850557089704,15,100
injection_electrons_s10x10,250,0.025,100031,100031,100031,100031,1.0,1.0,9.998651729884015,10.000246488727852,9.941090876973224,-0.5915415367141907,-0.5756861471507557,0.2936837932848566,3.7441839711928004,15,100
injection_electrons_s10x10,275,0.0275,100031,100031,100031,100031,1.0,1.0,9.998651729884015,10.003154792204315,9.976569809726541,-0.2657659811331925,-0.2208489779824574,0.26135557128247555,2.4148167506671,15,100
injection_electrons_s10x10,300,0.030000000000000002,100031,100031,100031,100031,1.0,1.0,9.998651729884015,10.003311765386275,10.050128418643038,0.4680115381263894,0.5148363014302104,0.2538494390904574,3.000828571255699,15,100
injection_electrons_s10x10,1000,0.1,100031,100031,100031,100031,1.0,1.0,9.998651729884015,9.998731013816013,10.00092654976055,0.021958145903755444,0.022751266250575775,0.10718615459705176,1.3557529088750995,15,100
injection_electrons_s10x10,0,0.0,100031,100031,100031,100031,1.0,1.0,9.998651729884015,10.684431909167126,17.672442430586198,65.40366938389523,76.74825474485448,23.532192324746056,126.2720820830011,15,500
injection_electrons_s10x10,25,0.0025,100031,100031,100031,100031,1.0,1.0,9.998651729884015,10.550911303988768,13.330604470642845,26.345526813434738,33.324020385671346,11.026555872500708,56.34827097197579,15,500
injection_electrons_s10x10,50,0.005,100031,100031,100031,100031,1.0,1.0,9.998651729884015,10.171248839563594,12.98673595619838,27.68083999364219,29.884871551066894,6.616778489498851,30.7075929312975,15,500
injection_electrons_s10x10,75,0.007500000000000001,100031,100031,100031,100031,1.0,1.0,9.998651729884015,10.003204088013243,10.594171872461523,5.907784938192262,5.956004456056951,4.155994278483877,19.425376112234495,15,500
injection_electrons_s10x10,100,0.01,100031,100031,100031,100031,1.0,1.0,9.998651729884015,10.023911371848065,10.039243138670038,0.1529519391505474,0.40596882342349705,2.726103980679813,13.016114828163705,15,500
injection_electrons_s10x10,125,0.0125,100031,100031,100031,100031,1.0,1.0,9.998651729884015,10.029714309079251,10.202853524775701,1.726262686662161,2.042293305220011,1.8343052602290146,8.472960924372199,15,500
injection_electrons_s10x10,150,0.015000000000000001,100031,100031,100031,100031,1.0,1.0,9.998651729884015,10.00370708521415,10.045545266422343,0.4182267718537025,0.4689985990628198,1.281883284046307,6.898190635501297,15,500
injection_electrons_s10x10,175,0.0175,100031,100031,100031,100031,1.0,1.0,9.998651729884015,10.00348317973982,9.993768700473034,-0.0971109671725312,-0.04883687864022379,0.98164770780666,6.201032165745101,15,500
injection_electrons_s10x10,200,0.02,100031,100031,100031,100031,1.0,1.0,9.998651729884015,10.01033323016052,10.03186892761827,0.21513467097042938,0.3322167691367284,0.7864356448523578,4.895771645034501,15,500
injection_electrons_s10x10,225,0.022500000000000003,100031,100031,100031,100031,1.0,1.0,9.998651729884015,10.003990241539386,9.998702761248584,-0.052853712999900715,0.0005103824590291239,0.6287127083565444,3.6630210846626,15,500
injection_electrons_s10x10,250,0.025,100031,100031,100031,100031,1.0,1.0,9.998651729884015,10.000246488727852,9.9873479641296,-0.1289820667199515,-0.1130529001288183,0.5338585926461754,3.6868987985665003,15,500
injection_electrons_s10x10,275,0.0275,100031,100031,100031,100031,1.0,1.0,9.998651729884015,10.003154792204315,10.001130362756802,-0.02023790983510798,0.02478967104513341,0.47381394597524235,3.0802723079166006,15,500
injection_electrons_s10x10,300,0.030000000000000002,100031,100031,100031,100031,1.0,1.0,9.998651729884015,10.003311765386275,10.006170021281545,0.02857309621357995,0.07519305202978721,0.4230329111278439,3.220475367484699,15,500
injection_electrons_s10x10,1000,0.1,100031,100031,100031,100031,1.0,1.0,9.998651729884015,9.998731013816013,9.998770238991025,0.00039230153263680734,0.0011852508739362833,0.12623832512401814,1.2794865151317993,15,500
injection_electrons_s10x10,0,0.0,100031,100031,100031,100031,1.0,1.0,9.998651729884015,10.516847471738828,6.449955549321632,-38.67025677938055,-35.49174705181524,12.724780386080072,34.1812708606824,20,100
injection_electrons_s10x10,25,0.0025,100031,100031,100031,100031,1.0,1.0,9.998651729884015,10.444149176420426,5.1442280177046555,-50.74536057643939,-48.55078307878687,8.388952786180367,22.4963302776067,20,100
injection_electrons_s10x10,50,0.005,100031,100031,100031,100031,1.0,1.0,9.998651729884015,10.203073108157119,9.276361238827839,-9.082674009151182,-7.223878884563916,1.1996666224056818,7.2485199447348,20,100
injection_electrons_s10x10,75,0.007500000000000001,100031,100031,100031,100031,1.0,1.0,9.998651729884015,10.024962967536013,11.632010561903805,16.030459160516774,16.33579082605707,1.8784786095691468,6.2666545227566015,20,100
injection_electrons_s10x10,100,0.01,100031,100031,100031,100031,1.0,1.0,9.998651729884015,10.002718392651676,10.380705132049133,3.778840156843155,3.8210492022962894,0.5876147237710171,5.6739221519162,20,100
injection_electrons_s10x10,125,0.0125,100031,100031,100031,100031,1.0,1.0,9.998651729884015,10.024684301303255,9.536733063282385,-4.86749730320618,-4.6198095411308815,0.6596411903086432,3.415913403226801,20,100
injection_electrons_s10x10,150,0.015000000000000001,100031,100031,100031,100031,1.0,1.0,9.998651729884015,10.018289166606506,9.940707318961401,-0.7744021594396022,-0.5795222444785142,0.31956534731279296,4.365986856872599,20,100
injection_electrons_s10x10,175,0.0175,100031,100031,100031,100031,1.0,1.0,9.998651729884015,10.001866414607326,10.169051424930776,1.6715381249172045,1.704226726264202,0.32256557028771876,3.9657819365984,20,100
injection_electrons_s10x10,200,0.02,100031,100031,100031,100031,1.0,1.0,9.998651729884015,10.001482865935104,9.950713126497675,-0.5076221208192067,-0.47945067676535835,0.2623056891313245,4.0585247755274,20,100
injection_electrons_s10x10,225,0.022500000000000003,100031,100031,100031,100031,1.0,1.0,9.998651729884015,10.007267721689104,9.929437962738575,-0.7777323552746074,-0.6922310028918521,0.24466271928219924,3.4635828288602992,20,100
injection_electrons_s10x10,250,0.025,100031,100031,100031,100031,1.0,1.0,9.998651729884015,10.005229070546106,10.070128080915152,0.6486509195486434,0.7148598927344096,0.25097470694481533,3.2586805567882995,20,100
injection_electrons_s10x10,275,0.0275,100031,100031,100031,100031,1.0,1.0,9.998651729884015,10.000427295185599,10.038930716577385,0.38501776229424856,0.402844181210793,0.21707400385319936,2.943605588846599,20,100
injection_electrons_s10x10,300,0.030000000000000002,100031,100031,100031,100031,1.0,1.0,9.998651729884015,10.000201000901502,9.943505921044506,-0.5669394030368369,-0.5515324498670982,0.22333468971986745,2.836040209835,20,100
injection_electrons_s10x10,1000,0.1,100031,100031,100031,100031,1.0,1.0,9.998651729884015,9.998677622530378,9.996173445969642,-0.025045077511975933,-0.024786180990443718,0.10290546677806457,1.301948333682799,20,100
injection_electrons_s10x10,0,0.0,100031,100031,100031,100031,1.0,1.0,9.998651729884015,10.516847471738828,18.289115054313342,73.90301707294293,82.9158125355117,25.266931332920425,127.102361596993,20,500
injection_electrons_s10x10,25,0.0025,100031,100031,100031,100031,1.0,1.0,9.998651729884015,10.444149176420426,12.057661222510236,15.448956337511976,20.59287140157351,12.642910268379197,67.9250669465175,20,500
injection_electrons_s10x10,50,0.005,100031,100031,100031,100031,1.0,1.0,9.998651729884015,10.203073108157119,13.776393460507201,35.02200086651634,37.78251140933586,6.776456295504341,32.184666286567506,20,500
injection_electrons_s10x10,75,0.007500000000000001,100031,100031,100031,100031,1.0,1.0,9.998651729884015,10.024962967536013,11.527570415182012,14.988658337311733,15.291248526322377,4.5230535778910514,20.046964539287902,20,500
injection_electrons_s10x10,100,0.01,100031,100031,100031,100031,1.0,1.0,9.998651729884015,10.002718392651676,9.821168387714097,-1.8150066592992453,-1.7750727494533547,2.8848355006046456,13.849624354843899,20,500
injection_electrons_s10x10,125,0.0125,100031,100031,100031,100031,1.0,1.0,9.998651729884015,10.024684301303255,9.922932549353124,-1.0150120332158785,-0.7572939089835584,1.9684760977511246,8.9822022488721,20,500
injection_electrons_s10x10,150,0.015000000000000001,100031,100031,100031,100031,1.0,1.0,9.998651729884015,10.018289166606506,10.171785273152686,1.5321588745693449,1.7315688949461894,1.3611067509472308,7.2940298460258,20,500
injection_electrons_s10x10,175,0.0175,100031,100031,100031,100031,1.0,1.0,9.998651729884015,10.001866414607326,10.033471269946533,0.3159895766359222,0.3482423531009582,0.9870611866774905,5.353686018655,20,500
injection_electrons_s10x10,200,0.02,100031,100031,100031,100031,1.0,1.0,9.998651729884015,10.001482865935104,9.955916478606275,-0.4555963144628028,-0.42741013920920556,0.7650335932607105,4.518552683486701,20,500
injection_electrons_s10x10,225,0.022500000000000003,100031,100031,100031,100031,1.0,1.0,9.998651729884015,10.007267721689104,10.032371654830216,0.2508570155138834,0.33724471915967946,0.6372573525128425,4.4023697367336,20,500
injection_electrons_s10x10,250,0.025,100031,100031,100031,100031,1.0,1.0,9.998651729884015,10.005229070546106,10.023004998471393,0.17766637625136195,0.24356552508564278,0.543557461868468,3.946023760491401,20,500
injection_electrons_s10x10,275,0.0275,100031,100031,100031,100031,1.0,1.0,9.998651729884015,10.000427295185599,9.972641100465328,-0.2778500748027768,-0.26014136827015033,0.4706518279090257,3.2208799440855005,20,500
injection_electrons_s10x10,300,0.030000000000000002,100031,100031,100031,100031,1.0,1.0,9.998651729884015,10.000201000901502,9.980836798110387,-0.19363813576716016,-0.17817334031530185,0.42485934700180683,3.3225492768044997,20,500
injection_electrons_s10x10,1000,0.1,100031,100031,100031,100031,1.0,1.0,9.998651729884015,9.998677622530378,9.997783209576463,-0.00894531244711727,-0.008686374233402017,0.1288080685993398,1.1271165282208997,20,500
injection_electrons_s10x10,0,0.0,100031,100031,100031,100031,1.0,1.0,9.998651729884015,10.415262351080944,5.428391013297002,-47.880419807825405,-45.70876994272535,10.36987368721731,27.421398191565196,25,100
injection_electrons_s10x10,25,0.0025,100031,100031,100031,100031,1.0,1.0,9.998651729884015,10.369764598229818,5.3208243585847805,-48.689053563539154,-46.78458153831004,7.545982820018116,19.7814144413997,25,100
injection_electrons_s10x10,50,0.005,100031,100031,100031,100031,1.0,1.0,9.998651729884015,10.207852074437625,8.407490608837236,-17.637025423877684,-15.913756814742431,2.0797154414339163,6.434572224055103,25,100
injection_electrons_s10x10,75,0.007500000000000001,100031,100031,100031,100031,1.0,1.0,9.998651729884015,10.048602845686727,11.101348954136148,10.47654210855098,11.028459176714666,1.3149723503349717,5.108748457197201,25,100
injection_electrons_s10x10,100,0.01,100031,100031,100031,100031,1.0,1.0,9.998651729884015,9.999928557309948,10.902331138260724,9.024090280036257,9.038012652003747,1.0431522849349817,3.0127171633413994,25,100
injection_electrons_s10x10,125,0.0125,100031,100031,100031,100031,1.0,1.0,9.998651729884015,10.010662365741197,9.861066862605089,-1.4943616882740818,-1.3760341993682257,0.3739430554882259,2.9486506896613003,25,100
injection_electrons_s10x10,150,0.015000000000000001,100031,100031,100031,100031,1.0,1.0,9.998651729884015,10.02093328452994,9.668845696823059,-3.513520923748936,-3.298505058189305,0.45470730301458906,2.7900399490179995,25,100
injection_electrons_s10x10,175,0.0175,100031,100031,100031,100031,1.0,1.0,9.998651729884015,10.010530905820106,10.025708076708066,0.15161204766007685,0.2705999524234226,0.22843514990947167,2.424893043801199,25,100
injection_electrons_s10x10,200,0.02,100031,100031,100031,100031,1.0,1.0,9.998651729884015,10.000411327493904,10.12857506755616,1.2815846855208646,1.2994085720960724,0.2421750718304509,2.6763715584392997,25,100
injection_electrons_s10x10,225,0.022500000000000003,100031,100031,100031,100031,1.0,1.0,9.998651729884015,10.000998482586791,9.968453483847899,-0.3254174950186983,-0.3020231812441265,0.19201133598970682,2.3600951056776998,25,100
injection_electrons_s10x10,250,0.025,100031,100031,100031,100031,1.0,1.0,9.998651729884015,10.005311765668937,9.92742491983087,-0.7784549613468306,-0.712364146460498,0.19570837890632947,2.749770214599,25,100
injection_electrons_s10x10,275,0.0275,100031,100031,100031,100031,1.0,1.0,9.998651729884015,10.004796630841634,10.029405932424073,0.24597503068255477,0.3075834959641588,0.18344976758732276,2.6734928419657003,25,100
injection_electrons_s10x10,300,0.030000000000000002,100031,100031,100031,100031,1.0,1.0,9.998651729884015,10.001144232759604,10.061877224396063,0.6072604316366581,0.6323402016601865,0.18386901952014653,2.4395684889063,25,100
injection_electrons_s10x10,1000,0.1,100031,100031,100031,100031,1.0,1.0,9.998651729884015,9.998798806214241,9.996580258936097,-0.02218813800678454,-0.020717502758160755,0.10585273788127952,1.3976130262282993,25,100
injection_electrons_s10x10,0,0.0,100031,100031,100031,100031,1.0,1.0,9.998651729884015,10.415262351080944,18.789321801302332,80.40181003556084,87.91855451015182,26.813225192893,107.75382918849111,25,500
injection_electrons_s10x10,25,0.0025,100031,100031,100031,100031,1.0,1.0,9.998651729884015,10.369764598229818,10.871466988590747,4.838127091588684,8.729329536481977,14.71862635648127,66.26298556608339,25,500
injection_electrons_s10x10,50,0.005,100031,100031,100031,100031,1.0,1.0,9.998651729884015,10.207852074437625,13.590056655435898,33.13336200735066,35.91889209239958,6.535514948652503,30.8695659912579,25,500
injection_electrons_s10x10,75,0.007500000000000001,100031,100031,100031,100031,1.0,1.0,9.998651729884015,10.048602845686727,12.846158953579549,27.840249543683072,28.478911963548946,4.984118526839489,20.4845596966723,25,500
injection_electrons_s10x10,100,0.01,100031,100031,100031,100031,1.0,1.0,9.998651729884015,9.999928557309948,10.193096568424611,1.9316939116875709,1.9447105849225377,2.960683485158061,13.9320925286597,25,500
injection_electrons_s10x10,125,0.0125,100031,100031,100031,100031,1.0,1.0,9.998651729884015,10.010662365741197,9.528814433960289,-4.813347151032721,-4.6990065122427875,2.1160837349724773,9.472652668642699,25,500
injection_electrons_s10x10,150,0.015000000000000001,100031,100031,100031,100031,1.0,1.0,9.998651729884015,10.02093328452994,9.997272653522531,-0.23611205000173552,-0.013792623233011003,1.444371484264373,6.817541871095202,25,500
injection_electrons_s10x10,175,0.0175,100031,100031,100031,100031,1.0,1.0,9.998651729884015,10.010530905820106,10.172115393863086,1.6141450394907109,1.7348705472020942,1.0422671665934524,5.372107277263501,25,500
injection_electrons_s10x10,200,0.02,100031,100031,100031,100031,1.0,1.0,9.998651729884015,10.000411327493904,9.99641250157758,-0.03998661440384188,-0.022395302556066365,0.7778980216302268,4.531200650847278,25,500
injection_electrons_s10x10,225,0.022500000000000003,100031,100031,100031,100031,1.0,1.0,9.998651729884015,10.000998482586791,9.942792239871192,-0.5820043150385867,-0.5586702239649965,0.6382809624150192,4.043587465911199,25,500
injection_electrons_s10x10,250,0.025,100031,100031,100031,100031,1.0,1.0,9.998651729884015,10.005311765668937,10.025368591497342,0.20046177768517914,0.2672046425367114,0.5428396214248036,3.9976247875948,25,500
injection_electrons_s10x10,275,0.0275,100031,100031,100031,100031,1.0,1.0,9.998651729884015,10.004796630841634,10.043990754079193,0.391753322768551,0.4534513794461681,0.4856454476620525,3.2836924470394013,25,500
injection_electrons_s10x10,300,0.030000000000000002,100031,100031,100031,100031,1.0,1.0,9.998651729884015,10.001144232759604,9.986592052911165,-0.14550514930853353,-0.12061303162311798,0.42252067755569556,3.0151956177741006,25,500
injection_electrons_s10x10,1000,0.1,100031,100031,100031,100031,1.0,1.0,9.998651729884015,9.998798806214241,9.9988992001442,0.0010040599066396538,0.002475036303595246,0.13210341011206644,1.4207984988823004,25,500
injection_electrons_s10x10,0,0.0,100031,100031,100031,100031,1.0,1.0,9.998651729884015,10.346814680611102,5.226082946870535,-49.49090026069866,-47.73212340969138,8.804714652489423,22.685691713617302,30,100
injection_electrons_s10x10,25,0.0025,100031,100031,100031,100031,1.0,1.0,9.998651729884015,10.315737735483266,5.560530766334946,-46.09662528344175,-44.38719422824173,6.786245417207622,17.763180751783,30,100
injection_electrons_s10x10,50,0.005,100031,100031,100031,100031,1.0,1.0,9.998651729884015,10.201748076385188,8.019248913844356,-21.393384214150903,-19.79669728993172,2.5493907534455875,7.0792202197213,30,100
injection_electrons_s10x10,75,0.007500000000000001,100031,100031,100031,100031,1.0,1.0,9.998651729884015,10.066818470184531,10.557082683883507,4.870100868025196,5.585062557289122,0.7446749652867268,4.2167267365326,30,100
injection_electrons_s10x10,100,0.01,100031,100031,100031,100031,1.0,1.0,9.998651729884015,10.005177840406542,11.017671386366661,10.11969564270112,10.191570663842553,1.1752778158830797,3.431502464636801,30,100
injection_electrons_s10x10,125,0.0125,100031,100031,100031,100031,1.0,1.0,9.998651729884015,10.001904052380853,10.233687022319586,2.3173884564865244,2.3506698581479357,0.3468053559944557,2.4352045942954,30,100
injection_electrons_s10x10,150,0.015000000000000001,100031,100031,100031,100031,1.0,1.0,9.998651729884015,10.014810796944705,9.707663668013081,-3.0669289231637475,-2.9102730021211443,0.4257773941915339,2.1734661327785005,30,100
injection_electrons_s10x10,175,0.0175,100031,100031,100031,100031,1.0,1.0,9.998651729884015,10.015645785112602,9.819186562019949,-1.9615232737630661,-1.7948936787915093,0.27307818216270013,2.2958013338564998,30,100
injection_electrons_s10x10,200,0.02,100031,100031,100031,100031,1.0,1.0,9.998651729884015,10.005646502867405,10.076987586538557,0.7130082364063872,0.7834641986820268,0.199840588561974,2.0658072271271006,30,100
injection_electrons_s10x10,225,0.022500000000000003,100031,100031,100031,100031,1.0,1.0,9.998651729884015,9.999375328996882,10.090316392495579,0.9094674467811981,0.9167702315062698,0.1844882465959005,1.9033364007809,30,100
injection_electrons_s10x10,250,0.025,100031,100031,100031,100031,1.0,1.0,9.998651729884015,10.000572911538757,9.967358588465578,-0.33212420295297695,-0.31297361148112657,0.15664995849242114,2.3328736670989003,30,100
injection_electrons_s10x10,275,0.0275,100031,100031,100031,100031,1.0,1.0,9.998651729884015,10.004242341829148,9.93913590908339,-0.6507882408399723,-0.5952384622292972,0.15956591150016566,1.7502806542294,30,100
injection_electrons_s10x10,300,0.030000000000000002,100031,100031,100031,100031,1.0,1.0,9.998651729884015,10.004460982612477,10.011940359076515,0.07476041414962165,0.13290421100260463,0.14727055114425416,2.1377652467818002,30,100
injection_electrons_s10x10,1000,0.1,100031,100031,100031,100031,1.0,1.0,9.998651729884015,9.999598866070768,10.004294032746792,0.04695355022645842,0.056430637001914086,0.10433105776880175,1.3422412401907997,30,100
injection_electrons_s10x10,0,0.0,100031,100031,100031,100031,1.0,1.0,9.998651729884015,10.346814680611102,18.881751674061636,82.4885460589543,88.84297787498461,27.59889633459918,95.4277190900531,30,500
injection_electrons_s10x10,25,0.0025,100031,100031,100031,100031,1.0,1.0,9.998651729884015,10.315737735483266,10.281689836091754,-0.3300578229552764,2.830762725356184,16.852686694761566,64.4673197114705,30,500
injection_electrons_s10x10,50,0.005,100031,100031,100031,100031,1.0,1.0,9.998651729884015,10.201748076385188,12.30941895674817,20.65989930923484,23.11078822715389,6.24588514816556,27.557272710364703,30,500
injection_electrons_s10x10,75,0.007500000000000001,100031,100031,100031,100031,1.0,1.0,9.998651729884015,10.066818470184531,13.879275976434798,37.87152333720767,38.811475300738365,5.252473193083139,21.369250705420807,30,500
injection_electrons_s10x10,100,0.01,100031,100031,100031,100031,1.0,1.0,9.998651729884015,10.005177840406542,11.187954904279032,11.82164957723959,11.894635462103565,3.228013584819193,12.719845203338103,30,500
injection_electrons_s10x10,125,0.0125,100031,100031,100031,100031,1.0,1.0,9.998651729884015,10.001904052380853,9.41331408110286,-5.884779219991476,-5.854165787490084,2.137598428505151,10.296532691943199,30,500
injection_electrons_s10x10,150,0.015000000000000001,100031,100031,100031,100031,1.0,1.0,9.998651729884015,10.014810796944705,9.590588962030255,-4.235944577643647,-4.081177931561919,1.5737358624530866,6.9615350536763,30,500
injection_electrons_s10x10,175,0.0175,100031,100031,100031,100031,1.0,1.0,9.998651729884015,10.015645785112602,10.126885163581754,1.1106560760615114,1.2825072535977533,1.0825879332380721,5.934914835551801,30,500
injection_electrons_s10x10,200,0.02,100031,100031,100031,100031,1.0,1.0,9.998651729884015,10.005646502867405,10.158032962558845,1.5230046319122836,1.59402724467812,0.8216846259308723,3.9049855631557007,30,500
injection_electrons_s10x10,225,0.022500000000000003,100031,100031,100031,100031,1.0,1.0,9.998651729884015,9.999375328996882,9.953736801922128,-0.4564137815930125,-0.44920984523988405,0.6434265688645373,4.9458324318606,30,500
injection_electrons_s10x10,250,0.025,100031,100031,100031,100031,1.0,1.0,9.998651729884015,10.000572911538757,9.926044358945038,-0.7452428301155334,-0.7261716169387866,0.545169726386065,4.0590507181497,30,500
injection_electrons_s10x10,275,0.0275,100031,100031,100031,100031,1.0,1.0,9.998651729884015,10.004242341829148,10.030236194644328,0.25982830010520264,0.3158872377353905,0.47493991190366075,3.2662476920346,30,500
injection_electrons_s10x10,300,0.030000000000000002,100031,100031,100031,100031,1.0,1.0,9.998651729884015,10.004460982612477,10.0620058884164,0.5751924656804075,0.6336270153607826,0.4384396009555756,2.986351640418901,30,500
injection_electrons_s10x10,1000,0.1,100031,100031,100031,100031,1.0,1.0,9.998651729884015,9.999598866070768,9.998317213072625,-0.012817044116564258,-0.0033456191937397683,0.1327425129454735,1.2234583805893,30,500
