family,b_gs,b_t,n_sc_on,n_sc_off,n_all_on,n_all_off,detected_frac_on,detected_frac_off,sigma_initial_mm,sigma_sc_off_mm,sigma_sc_on_mm,expansion_vs_no_sc_pct,expansion_vs_initial_pct,rms_particle_dx_mm,max_abs_particle_dx_mm,mean_initial_mm,mean_sc_on_mm,mean_sc_off_mm,centroid_shift_vs_no_sc_mm,species,species_label,beam,dx_mm,dy_mm,power_kw
injection_ions,0,0.0,99988,99988,99988,99988,1.0,1.0,9.98184665832871,9.98184665832871,19.164032980973783,91.98885373563206,91.98885373563206,10.010209674958533,24.225669845188,0.0008979096310599358,0.004931867433083351,0.0008979096310599358,0.004033957802023415,ions,H₂⁺,injection,0,0,100
injection_ions,200,0.02,99988,99988,99988,99988,1.0,1.0,9.98184665832871,9.98184665832871,19.122859252188363,91.57636764768895,91.57636764768895,9.9671093015538,24.1142782140261,0.0008979096310599358,0.004727410217871898,0.0008979096310599358,0.0038295005868119623,ions,H₂⁺,injection,0,0,100
injection_ions,1000,0.1,99988,99988,99988,99988,1.0,1.0,9.98184665832871,9.98184665832871,18.17292230124564,82.05972224670887,82.05972224670887,8.970522525702576,21.5410687533537,0.0008979096310599358,0.0038245873243634367,0.0008979096310599358,0.002926677693303501,ions,H₂⁺,injection,0,0,100
injection_ions,0,0.0,87346,99988,99988,99988,0.8735648277793335,1.0,9.851981149820224,9.98184665832871,51.92168505308405,420.1611167785406,427.0177060177536,52.41950724344971,136.4568098913304,0.023487720836306795,0.22875046334127216,0.0008979096310599358,0.22785255371021224,ions,H₂⁺,injection,0,0,500
injection_ions,200,0.02,87562,99988,99988,99988,0.8757250870104413,1.0,9.855882746944273,9.98184665832871,51.9429851210261,420.3745048285792,427.02519352851016,52.505351108963296,143.2275914512922,0.021555153903666534,0.22362881874707188,0.0008979096310599358,0.22273090911601195,ions,H₂⁺,injection,0,0,500
injection_ions,1000,0.1,92931,99988,99988,99988,0.92942153058367,1.0,9.959262215525184,9.98184665832871,52.08818432917127,421.82913755451887,423.01248026156617,52.592352581917055,142.2308428611069,0.025652947951817266,0.26736974484764864,0.0008979096310599358,0.2664718352165887,ions,H₂⁺,injection,0,0,500
injection_ions,0,0.0,99988,99988,99988,99988,1.0,1.0,9.981846658328717,9.981846658328717,19.164032980973783,91.98885373563192,91.98885373563192,10.010209674958528,24.225669845188,5.000897909631041,5.004931867433075,5.000897909631041,0.004033957802033861,ions,H₂⁺,injection,5,0,100
injection_ions,200,0.02,99988,99988,99988,99988,1.0,1.0,9.981846658328717,9.981846658328717,19.122859252188366,91.57636764768884,91.57636764768884,9.967109301553794,24.1142782140261,5.000897909631041,5.004727410217863,5.000897909631041,0.0038295005868222987,ions,H₂⁺,injection,5,0,100
injection_ions,1000,0.1,99988,99988,99988,99988,1.0,1.0,9.981846658328717,9.981846658328717,18.17292230124564,82.05972224670876,82.05972224670876,8.97052252570257,21.5410687533537,5.000897909631041,5.003824587324354,5.000897909631041,0.002926677693313451,ions,H₂⁺,injection,5,0,100
injection_ions,0,0.0,87346,99988,99988,99988,0.8735648277793335,1.0,9.849558727284233,9.981846658328717,51.99006781268385,420.84618800774746,427.84159424996693,52.55114554968938,151.06906660520963,4.795854993623223,3.0246079975885016,5.000897909631041,-1.9762899120425392,ions,H₂⁺,injection,5,0,500
injection_ions,200,0.02,87540,99988,99988,99988,0.8755050606072728,1.0,9.853777020788787,9.981846658328717,51.98775155337306,420.8229832903232,427.5921247628504,52.65574472314277,150.5339798688293,4.7952999166896335,3.0275592189788454,5.000897909631041,-1.9733386906521955,ions,H₂⁺,injection,5,0,500
injection_ions,1000,0.1,92944,99988,99988,99988,0.9295515461855423,1.0,9.95057406293935,9.981846658328717,52.169709084659935,422.64586774763006,424.28843556840246,52.71928718672646,150.11827911464192,4.808566126974299,3.0822097886739757,5.000897909631041,-1.9186881209570652,ions,H₂⁺,injection,5,0,500
injection_ions,0,0.0,99988,99988,99988,99988,1.0,1.0,9.981846658328728,9.981846658328728,19.164032980973786,91.98885373563175,91.98885373563175,10.010209674958517,24.225669845187994,10.000897909631027,10.004931867433067,10.000897909631027,0.004033957802040078,ions,H₂⁺,injection,10,0,100
injection_ions,200,0.02,99988,99988,99988,99988,1.0,1.0,9.981846658328728,9.981846658328728,19.12285925218837,91.57636764768868,91.57636764768868,9.967109301553783,24.1142782140261,10.000897909631027,10.004727410217855,10.000897909631027,0.003829500586828516,ions,H₂⁺,injection,10,0,100
injection_ions,1000,0.1,99988,99988,99988,99988,1.0,1.0,9.981846658328728,9.981846658328728,18.172922301245645,82.05972224670859,82.05972224670859,8.97052252570256,21.541068753353798,10.000897909631027,10.003824587324345,10.000897909631027,0.00292667769331878,ions,H₂⁺,injection,10,0,100
injection_ions,0,0.0,87104,99988,99988,99988,0.8711445373444814,1.0,9.82256826308714,9.981846658328728,51.92226370822792,420.1669138536068,428.6017090189124,52.73773902703107,156.81176372635412,9.572678562249779,5.880915588047069,10.000897909631027,-4.119982321583958,ions,H₂⁺,injection,10,0,500
injection_ions,200,0.02,87319,99988,99988,99988,0.8732947953754451,1.0,9.826586778360635,9.981846658328728,51.94754969041604,420.4202335353615,428.6428631028934,52.75160837504068,146.92618758663042,9.57131566444398,5.838523097029929,10.000897909631027,-4.162374812601097,ions,H₂⁺,injection,10,0,500
injection_ions,1000,0.1,92713,99988,99988,99988,0.9272412689522743,1.0,9.91636967839033,9.981846658328728,52.13857547338657,422.3339654279581,425.78289398595655,52.86360707138709,152.0408130985365,9.585546395922924,5.829142060264762,10.000897909631027,-4.1717558493662645,ions,H₂⁺,injection,10,0,500
injection_ions,0,0.0,99988,99988,99988,99988,1.0,1.0,9.98184665832871,9.98184665832871,19.43916793754874,94.74520700364573,94.74520700364573,10.29517218305372,24.850169298799397,0.0008979096310599358,0.005077381085525248,0.0008979096310599358,0.004179471454465312,ions,H₂⁺,injection,0,5,100
injection_ions,200,0.02,99988,99988,99988,99988,1.0,1.0,9.98184665832871,9.98184665832871,19.394708616981863,94.2998052449463,94.2998052449463,10.248713144476229,24.730897501976695,0.0008979096310599358,0.00485151054438981,0.0008979096310599358,0.003953600913329874,ions,H₂⁺,injection,0,5,100
injection_ions,1000,0.1,99988,99988,99988,99988,1.0,1.0,9.98184665832871,9.98184665832871,18.371017584608847,84.04427771168308,84.04427771168308,9.176536380352191,21.988462280859896,0.0008979096310599358,0.003854150414835054,0.0008979096310599358,0.0029562407837751183,ions,H₂⁺,injection,0,5,100
injection_ions,0,0.0,86449,99988,99988,99988,0.86459375125015,1.0,9.81362251938671,9.98184665832871,52.22111666171068,423.16087843463447,432.12885006070286,52.720971613435196,141.573910062432,0.027997974750381575,0.28291635956972583,0.0008979096310599358,0.28201844993866587,ions,H₂⁺,injection,0,5,500
injection_ions,200,0.02,86704,99988,99988,99988,0.8671440572868744,1.0,9.821514063544273,9.98184665832871,52.275407414673296,423.7047733152206,432.2540605904174,52.77336714155114,139.8987035531591,0.027045931472118926,0.28341739508805724,0.0008979096310599358,0.2825194854569973,ions,H₂⁺,injection,0,5,500
injection_ions,1000,0.1,92350,99988,99988,99988,0.923610833299996,1.0,9.936191895191739,9.98184665832871,52.47361461409012,425.6904499760762,428.1058897371218,52.96748187697523,138.285584134875,0.029724668131666108,0.282449168615008,0.0008979096310599358,0.28155125898394806,ions,H₂⁺,injection,0,5,500
injection_ions,0,0.0,99988,99988,99988,99988,1.0,1.0,9.98184665832871,9.98184665832871,18.884186409605075,89.18529863257699,89.18529863257699,9.720162865348753,23.530233661303,0.0008979096310599358,0.00467230556950882,0.0008979096310599358,0.0037743959384488844,ions,H₂⁺,injection,0,-5,100
injection_ions,200,0.02,99988,99988,99988,99988,1.0,1.0,9.98184665832871,9.98184665832871,18.846146600125316,88.8042087322626,88.8042087322626,9.680270735466912,23.4270930907512,0.0008979096310599358,0.004492861754796464,0.0008979096310599358,0.003594952123736528,ions,H₂⁺,injection,0,-5,100
injection_ions,1000,0.1,99988,99988,99988,99988,1.0,1.0,9.98184665832871,9.98184665832871,17.967501318830724,80.00177656344678,80.00177656344678,8.756811429732826,21.0478570333604,0.0008979096310599358,0.0037372976338854312,0.0008979096310599358,0.0028393880028254955,ions,H₂⁺,injection,0,-5,100
injection_ions,0,0.0,88219,99988,99988,99988,0.8822958755050606,1.0,9.882924424630717,9.98184665832871,51.5570187217992,416.50782151397567,421.67775960429515,52.05736612134633,136.3126129830273,0.02150626376435493,0.21513488131110567,0.0008979096310599358,0.21423697168004574,ions,H₂⁺,injection,0,-5,500
injection_ions,200,0.02,88420,99988,99988,99988,0.884306116734008,1.0,9.88852754244405,9.98184665832871,51.570550025469736,416.64338063578657,421.5190007219573,52.107746434163175,144.6650207196629,0.02063348625071811,0.21637898182014487,0.0008979096310599358,0.21548107218908494,ions,H₂⁺,injection,0,-5,500
injection_ions,1000,0.1,93589,99988,99988,99988,0.9360023202784334,1.0,9.978364885832786,9.98184665832871,51.740572088090126,418.34669334374655,418.5275611793976,52.22939905691421,139.5485285367356,0.017730207633806682,0.19789915254788726,0.0008979096310599358,0.19700124291682733,ions,H₂⁺,injection,0,-5,500
extraction_ions,0,0.0,100007,100007,100007,100007,1.0,1.0,10.019461502661958,10.019461502661958,13.371348942553185,33.45376833875455,33.45376833875455,4.209509045279266,27.496022460736,-0.03233529661742959,-0.04463876724010256,-0.03233529661742959,-0.012303470622672966,ions,H₂⁺,extraction,0,0,100
extraction_ions,200,0.02,100007,100007,100007,100007,1.0,1.0,10.019461502661958,10.019461502661958,13.363938559935443,33.37980844963502,33.37980844963502,4.199838398732233,27.344171535088194,-0.03233529661742959,-0.045247379371611274,-0.03233529661742959,-0.01291208275418168,ions,H₂⁺,extraction,0,0,100
extraction_ions,1000,0.1,100007,100007,100007,100007,1.0,1.0,10.019461502661958,10.019461502661958,13.190293613306471,31.646731810907113,31.646731810907113,3.9727106756264328,24.2730957339331,-0.03233529661742959,-0.046989962071809284,-0.03233529661742959,-0.014654665454379691,ions,H₂⁺,extraction,0,0,100
extraction_ions,0,0.0,99519,100007,100007,100007,0.9951203415760896,1.0,10.011266502046952,10.019461502661958,25.21925171852025,151.70266597481344,151.90870419206001,22.733245946410083,131.9056007439051,-0.028490408043962807,-0.04749171334302934,-0.03233529661742959,-0.015156416725599746,ions,H₂⁺,extraction,0,0,500
extraction_ions,200,0.02,99527,100007,100007,100007,0.9952003359764816,1.0,10.011400609219558,10.019461502661958,25.209047784907504,151.6008248368437,151.80340662516633,22.714261418724636,144.69658062390351,-0.028846509841985273,-0.04973835743606741,-0.03233529661742959,-0.017403060818637815,ions,H₂⁺,extraction,0,0,500
extraction_ions,1000,0.1,99714,100007,100007,100007,0.997070205085644,1.0,10.014268152372116,10.019461502661958,24.938499480915084,148.900596846342,149.02967547366717,21.072225445338265,131.2475769338537,-0.030993296278059152,-0.08405102203823234,-0.03233529661742959,-0.051715725420802744,ions,H₂⁺,extraction,0,0,500
extraction_ions,0,0.0,100007,100007,100007,100007,1.0,1.0,10.019461502661963,10.019461502661963,13.371348942553185,33.453768338754486,33.453768338754486,4.209509045279263,27.496022460736004,4.967664703382552,4.955361232759884,4.967664703382552,-0.012303470622668122,ions,H₂⁺,extraction,5,0,100
extraction_ions,200,0.02,100007,100007,100007,100007,1.0,1.0,10.019461502661963,10.019461502661963,13.363938559935447,33.37980844963499,33.37980844963499,4.19983839873223,27.344171535088204,4.967664703382552,4.9547526206283745,4.967664703382552,-0.012912082754177767,ions,H₂⁺,extraction,5,0,100
extraction_ions,1000,0.1,100007,100007,100007,100007,1.0,1.0,10.019461502661963,10.019461502661963,13.190293613306473,31.64673181090705,31.64673181090705,3.9727106756264297,24.2730957339331,4.967664703382552,4.953010037928177,4.967664703382552,-0.014654665454375326,ions,H₂⁺,extraction,5,0,100
extraction_ions,0,0.0,99517,100007,100007,100007,0.9951003429759917,1.0,10.010100579488727,10.019461502661963,25.224983446018474,151.75987191843313,151.9953045996952,24.261058199625147,134.7670311680184,4.9595688448551565,4.842117880202592,4.967664703382552,-0.12554682317996058,ions,H₂⁺,extraction,5,0,500
extraction_ions,200,0.02,99528,100007,100007,100007,0.9952103352765307,1.0,10.01057211420323,10.019461502661963,25.223083733645574,151.74091169414967,151.96445763432922,24.250124806902654,138.281270341373,4.958510084356347,4.831961685058258,4.967664703382552,-0.13570301832429443,ions,H₂⁺,extraction,5,0,500
extraction_ions,1000,0.1,99721,100007,100007,100007,0.997140200185987,1.0,10.013917876087358,10.019461502661963,24.963631191449846,149.15142580085293,149.28935408049946,22.497743809994898,131.7124760293201,4.958395923242661,4.81331773330102,4.967664703382552,-0.15434697008153186,ions,H₂⁺,extraction,5,0,500
extraction_ions,0,0.0,100007,100007,100007,100007,1.0,1.0,10.019461502661974,10.019461502661974,13.371348942553192,33.45376833875442,33.45376833875442,4.209509045279257,27.496022460736,9.967664703382539,9.955361232759872,9.967664703382539,-0.012303470622667234,ions,H₂⁺,extraction,10,0,100
extraction_ions,200,0.02,100007,100007,100007,100007,1.0,1.0,10.019461502661974,10.019461502661974,13.363938559935454,33.37980844963493,33.37980844963493,4.199838398732225,27.3441715350882,9.967664703382539,9.954752620628364,9.967664703382539,-0.012912082754175103,ions,H₂⁺,extraction,10,0,100
extraction_ions,1000,0.1,100007,100007,100007,100007,1.0,1.0,10.019461502661974,10.019461502661974,13.190293613306482,31.646731810907003,31.646731810907003,3.9727106756264248,24.2730957339331,9.967664703382539,9.953010037928165,9.967664703382539,-0.014654665454374438,ions,H₂⁺,extraction,10,0,100
extraction_ions,0,0.0,99509,100007,100007,100007,0.9950203485755997,1.0,10.009551966294971,10.019461502661974,25.240699037527477,151.9167225785689,152.1661221453282,24.229552268552148,152.21586095320708,9.946975819702802,9.723373928771805,9.967664703382539,-0.24429077461073412,ions,H₂⁺,extraction,10,0,500
extraction_ions,200,0.02,99519,100007,100007,100007,0.9951203415760896,1.0,10.009778060998478,10.019461502661974,25.234912504206328,151.85896964125175,152.1026175648208,24.281122388775973,139.4967003372518,9.94712472789999,9.720902079409445,9.967664703382539,-0.246762623973094,ions,H₂⁺,extraction,10,0,500
extraction_ions,1000,0.1,99696,100007,100007,100007,0.996890217684762,1.0,10.012917879464274,10.019461502661974,24.93396777058861,148.85536776566428,149.01799925600372,23.932023589182783,134.0026236046862,9.947581697356563,9.71699616817961,9.967664703382539,-0.2506685352029283,ions,H₂⁺,extraction,10,0,500
extraction_ions,0,0.0,100007,100007,100007,100007,1.0,1.0,10.019461502661958,10.019461502661958,13.514988827592902,34.88737717094133,34.88737717094133,4.364148249957926,28.1564365177922,-0.03233529661742959,-0.04516277674391103,-0.03233529661742959,-0.012827480126481439,ions,H₂⁺,extraction,0,5,100
extraction_ions,200,0.02,100007,100007,100007,100007,1.0,1.0,10.019461502661958,10.019461502661958,13.506727359991187,34.80492296320252,34.80492296320252,4.353481463411347,27.993617475072796,-0.03233529661742959,-0.045830192728885444,-0.03233529661742959,-0.01349489611145585,ions,H₂⁺,extraction,0,5,100
extraction_ions,1000,0.1,100007,100007,100007,100007,1.0,1.0,10.019461502661958,10.019461502661958,13.313366657916259,32.87507172295816,32.87507172295816,4.103205494088888,24.756823930050803,-0.03233529661742959,-0.04772889235033881,-0.03233529661742959,-0.015393595732909215,ions,H₂⁺,extraction,0,5,100
extraction_ions,0,0.0,99465,100007,100007,100007,0.9945803793734439,1.0,10.009063693604876,10.019461502661958,25.761921661182107,157.1188247426043,157.38592989114713,24.68590327281462,145.4582739193217,-0.028377423534250414,-0.048126571328581766,-0.03233529661742959,-0.015791274711152173,ions,H₂⁺,extraction,0,5,500
extraction_ions,200,0.02,99474,100007,100007,100007,0.9946703730738848,1.0,10.009156043092295,10.019461502661958,25.751290789406077,157.0127225157211,157.27734364954813,24.732380414589027,145.165288932806,-0.02816632767952596,-0.049521150472516186,-0.03233529661742959,-0.017185853855086593,ions,H₂⁺,extraction,0,5,500
extraction_ions,1000,0.1,99675,100007,100007,100007,0.9966802323837332,1.0,10.013046302931564,10.019461502661958,25.447875578545304,153.9844638535149,154.14718766550413,21.96401965861944,135.22502524538768,-0.030621261082087084,-0.08300047370878855,-0.03233529661742959,-0.050665177091358954,ions,H₂⁺,extraction,0,5,500
extraction_ions,0,0.0,100007,100007,100007,100007,1.0,1.0,10.019461502661958,10.019461502661958,13.225476945784168,31.997881745146085,31.997881745146085,4.052396845711862,26.8356084036798,-0.03233529661742959,-0.04429325009906571,-0.03233529661742959,-0.01195795348163612,ions,H₂⁺,extraction,0,-5,100
extraction_ions,200,0.02,100007,100007,100007,100007,1.0,1.0,10.019461502661958,10.019461502661958,13.218867595578532,31.93191662113337,31.93191662113337,4.043670536801287,26.694217581595396,-0.03233529661742959,-0.04484187787600468,-0.03233529661742959,-0.012506581258575088,ions,H₂⁺,extraction,0,-5,100
extraction_ions,1000,0.1,100007,100007,100007,100007,1.0,1.0,10.019461502661958,10.019461502661958,13.063777704513436,30.384030130188822,30.384030130188822,3.8384717208037102,23.7780886603982,-0.03233529661742959,-0.04641321125560346,-0.03233529661742959,-0.014077914638173865,ions,H₂⁺,extraction,0,-5,100
extraction_ions,0,0.0,99574,100007,100007,100007,0.9956703030787845,1.0,10.013119707116376,10.019461502661958,24.670982115408485,146.23061936865497,146.38656919156463,22.228453933306305,132.7453543323409,-0.029010451095619654,-0.050063150223610915,-0.03233529661742959,-0.017727853606181322,ions,H₂⁺,extraction,0,-5,500
extraction_ions,200,0.02,99580,100007,100007,100007,0.9957302988790785,1.0,10.01307217500336,10.019461502661958,24.658819373075012,146.10922819079337,146.26627015266408,22.195835424658505,133.2060863883074,-0.029407125446279773,-0.05648469551215542,-0.03233529661742959,-0.024149398894725824,ions,H₂⁺,extraction,0,-5,500
extraction_ions,1000,0.1,99750,100007,100007,100007,0.9974301798874079,1.0,10.015364028860457,10.019461502661958,24.411236584536574,143.63820927952094,143.73788625348723,20.59108817734779,133.7940441324374,-0.032701443708019404,-0.0968643823125018,-0.03233529661742959,-0.06452908569507221,ions,H₂⁺,extraction,0,-5,500
injection_h2o_ions,0,0.0,99988,99988,99988,99988,1.0,1.0,9.98184665832871,9.98184665832871,16.438945412356553,64.68841863684744,64.68841863684744,7.208158286892904,18.076613610600297,0.0008979096310599358,0.003968849962315267,0.0008979096310599358,0.0030709403312553316,h2o_ions,H₂O⁺,injection,0,0,100
injection_h2o_ions,200,0.02,99988,99988,99988,99988,1.0,1.0,9.98184665832871,9.98184665832871,16.435259074036292,64.65148821258386,64.65148821258386,7.2042528741776835,18.067011822463797,0.0008979096310599358,0.0039614632651274375,0.0008979096310599358,0.0030635536340675017,h2o_ions,H₂O⁺,injection,0,0,100
injection_h2o_ions,1000,0.1,99988,99988,99988,99988,1.0,1.0,9.98184665832871,9.98184665832871,16.3472334721162,63.769631328450686,63.769631328450686,7.110963623906262,17.8375532445134,0.0008979096310599358,0.003917119152192567,0.0008979096310599358,0.003019209521132631,h2o_ions,H₂O⁺,injection,0,0,100
injection_h2o_ions,0,0.0,99870,99988,99988,99988,0.9988198583830059,1.0,9.98012591869202,9.98184665832871,46.293807879689616,363.7799944668828,363.8599578486763,46.73582323607706,135.66042148573828,0.0009102107748305632,0.0011988431826882738,0.0008979096310599358,0.00030093355162833803,h2o_ions,H₂O⁺,injection,0,0,500
injection_h2o_ions,200,0.02,99877,99988,99988,99988,0.998889866784014,1.0,9.980277298511357,9.98184665832871,46.27733307053336,363.6149467585762,363.6878484071382,46.77363477353492,141.8543411905239,0.0011089739561732977,0.0022926913403032174,0.0008979096310599358,0.0013947817092432816,h2o_ions,H₂O⁺,injection,0,0,500
injection_h2o_ions,1000,0.1,99988,99988,99988,99988,1.0,1.0,9.98184665832871,9.98184665832871,45.82329457360816,359.0663044835883,359.0663044835883,37.66966520865844,99.60316498940911,0.0008979096310599358,0.001798876224521523,0.0008979096310599358,0.0009009665934615872,h2o_ions,H₂O⁺,injection,0,0,500
injection_h2o_ions,0,0.0,99988,99988,99988,99988,1.0,1.0,9.981846658328717,9.981846658328717,16.438945412356553,64.68841863684733,64.68841863684733,7.2081582868929,18.076613610600305,5.000897909631041,5.0039688499623045,5.000897909631041,0.0030709403312636496,h2o_ions,H₂O⁺,injection,5,0,100
injection_h2o_ions,200,0.02,99988,99988,99988,99988,1.0,1.0,9.981846658328717,9.981846658328717,16.435259074036292,64.65148821258376,64.65148821258376,7.204252874177678,18.067011822463897,5.000897909631041,5.003961463265117,5.000897909631041,0.003063553634076399,h2o_ions,H₂O⁺,injection,5,0,100
injection_h2o_ions,1000,0.1,99988,99988,99988,99988,1.0,1.0,9.981846658328717,9.981846658328717,16.3472334721162,63.76963132845055,63.76963132845055,7.110963623906257,17.8375532445134,5.000897909631041,5.003917119152183,5.000897909631041,0.0030192095211418746,h2o_ions,H₂O⁺,injection,5,0,100
injection_h2o_ions,0,0.0,99548,99988,99988,99988,0.9955994719366323,1.0,9.972871952043336,9.981846658328717,45.96904904094371,360.5264998995728,360.94093318349627,46.8078227932183,131.7978458862946,4.949850023473295,4.525528180775212,5.000897909631041,-0.47536972885582873,h2o_ions,H₂O⁺,injection,5,0,500
injection_h2o_ions,200,0.02,99556,99988,99988,99988,0.9956794815377845,1.0,9.973084980773823,9.981846658328717,45.9532015578981,360.36773686114856,360.7721848002596,46.74535725700308,135.0345347320724,4.950828549754946,4.534314491191486,5.000897909631041,-0.466583418439555,h2o_ions,H₂O⁺,injection,5,0,500
injection_h2o_ions,1000,0.1,99716,99988,99988,99988,0.9972796735608273,1.0,9.976325507691627,9.981846658328717,45.54387556268475,356.26703276075233,356.51954246652207,46.31839966140403,139.4240777955633,4.969156399575187,4.710219923908861,5.000897909631041,-0.29067798572217995,h2o_ions,H₂O⁺,injection,5,0,500
injection_h2o_ions,0,0.0,99988,99988,99988,99988,1.0,1.0,9.981846658328728,9.981846658328728,16.43894541235656,64.68841863684722,64.68841863684722,7.208158286892891,18.0766136106003,10.000897909631027,10.003968849962295,10.000897909631027,0.0030709403312680905,h2o_ions,H₂O⁺,injection,10,0,100
injection_h2o_ions,200,0.02,99988,99988,99988,99988,1.0,1.0,9.981846658328728,9.981846658328728,16.4352590740363,64.65148821258364,64.65148821258364,7.20425287417767,18.0670118224638,10.000897909631027,10.003961463265107,10.000897909631027,0.003063553634079952,h2o_ions,H₂O⁺,injection,10,0,100
injection_h2o_ions,1000,0.1,99988,99988,99988,99988,1.0,1.0,9.981846658328728,9.981846658328728,16.34723347211621,63.76963132845046,63.76963132845046,7.110963623906248,17.837553244513398,10.000897909631027,10.003917119152172,10.000897909631027,0.0030192095211454273,h2o_ions,H₂O⁺,injection,10,0,100
injection_h2o_ions,0,0.0,98923,99988,99988,99988,0.9893487218466216,1.0,9.950876202004649,9.981846658328728,45.3793789265777,354.61907480529885,356.0340014825611,46.33275159517046,136.7691836378292,9.871632161086096,8.87596862312987,10.000897909631027,-1.1249292865011569,h2o_ions,H₂O⁺,injection,10,0,500
injection_h2o_ions,200,0.02,98932,99988,99988,99988,0.9894387326479177,1.0,9.951063350103134,9.981846658328728,45.364333492824905,354.46834684615675,355.87423069068035,46.37995675174408,142.2970802165157,9.872627889440436,8.88589639886242,10.000897909631027,-1.1150015107686073,h2o_ions,H₂O⁺,injection,10,0,500
injection_h2o_ions,1000,0.1,99150,99988,99988,99988,0.9916189942793135,1.0,9.95755138619568,9.981846658328728,45.006924467439305,350.88775662453287,351.9878705304314,45.89950640013469,134.5295795932029,9.89891945200166,9.124449808048862,10.000897909631027,-0.8764481015821648,h2o_ions,H₂O⁺,injection,10,0,500
injection_h2o_ions,0,0.0,99988,99988,99988,99988,1.0,1.0,9.98184665832871,9.98184665832871,16.61511970265794,66.45336550822007,66.45336550822007,7.395262529301393,18.525504297224305,0.0008979096310599358,0.004129586923599331,0.0008979096310599358,0.003231677292539395,h2o_ions,H₂O⁺,injection,0,5,100
injection_h2o_ions,200,0.02,99988,99988,99988,99988,1.0,1.0,9.98184665832871,9.98184665832871,16.611151065718214,66.41360696377868,66.41360696377868,7.391064441952098,18.5153177236942,0.0008979096310599358,0.004121001155379649,0.0008979096310599358,0.0032230915243197135,h2o_ions,H₂O⁺,injection,0,5,100
injection_h2o_ions,1000,0.1,99988,99988,99988,99988,1.0,1.0,9.98184665832871,9.98184665832871,16.516378805704413,65.46416080158257,65.46416080158257,7.2907809291337875,18.2719725971934,0.0008979096310599358,0.004070798579696607,0.0008979096310599358,0.0031728889486366714,h2o_ions,H₂O⁺,injection,0,5,100
injection_h2o_ions,0,0.0,99622,99988,99988,99988,0.9963395607472897,1.0,9.975711594842206,9.98184665832871,46.95596241824781,370.4135820306198,370.7028864239188,47.6433344432639,145.3666813716864,0.0014509269233128508,0.008687655403439095,0.0008979096310599358,0.00778974577237916,h2o_ions,H₂O⁺,injection,0,5,500
injection_h2o_ions,200,0.02,99631,99988,99988,99988,0.9964295715485858,1.0,9.975932062723851,9.98184665832871,46.94011999286195,370.2548696607735,370.5336774320947,47.61485945834233,138.5768080489623,0.001605749107683588,0.009777969885599437,0.0008979096310599358,0.008880060254539501,h2o_ions,H₂O⁺,injection,0,5,500
injection_h2o_ions,1000,0.1,99860,99988,99988,99988,0.9987198463815657,1.0,9.97984458221939,9.98184665832871,46.57580060586341,366.60505014872393,366.6986566989758,47.01394355480592,136.8130418268646,0.0009243135212613071,0.002520959256991192,0.0008979096310599358,0.0016230496259312562,h2o_ions,H₂O⁺,injection,0,5,500
injection_h2o_ions,0,0.0,99988,99988,99988,99988,1.0,1.0,9.98184665832871,9.98184665832871,16.259383378087392,62.88953271507929,62.88953271507929,7.0171984935392,17.603127213449305,0.0008979096310599358,0.0038799647693493525,0.0008979096310599358,0.0029820551382894168,h2o_ions,H₂O⁺,injection,0,-5,100
injection_h2o_ions,200,0.02,99988,99988,99988,99988,1.0,1.0,9.98184665832871,9.98184665832871,16.25597265836693,62.85536348931164,62.85536348931164,7.0135787637354206,17.59409814318761,0.0008979096310599358,0.003873072032453431,0.0008979096310599358,0.002975162401393495,h2o_ions,H₂O⁺,injection,0,-5,100
injection_h2o_ions,1000,0.1,99988,99988,99988,99988,1.0,1.0,9.98184665832871,9.98184665832871,16.174483696937948,62.038991887760474,62.038991887760474,6.927071181505501,17.378279371133402,0.0008979096310599358,0.0038364366214013283,0.0008979096310599358,0.0029385269903413926,h2o_ions,H₂O⁺,injection,0,-5,100
injection_h2o_ions,0,0.0,99988,99988,99988,99988,1.0,1.0,9.98184665832871,9.98184665832871,45.473210452867995,355.5590965217423,355.5590965217423,37.33210798947757,99.4119908431709,0.0008979096310599358,0.0003406917209095584,0.0008979096310599358,-0.0005572179101503774,h2o_ions,H₂O⁺,injection,0,-5,500
injection_h2o_ions,200,0.02,99988,99988,99988,99988,1.0,1.0,9.98184665832871,9.98184665832871,45.45066465728999,355.33322854009793,355.33322854009793,37.30901505245133,99.3367116014887,0.0008979096310599358,0.00033849786472779165,0.0008979096310599358,-0.0005594117663321441,h2o_ions,H₂O⁺,injection,0,-5,500
injection_h2o_ions,1000,0.1,99988,99988,99988,99988,1.0,1.0,9.98184665832871,9.98184665832871,44.91284945122166,349.94529558062305,349.94529558062305,36.75810153417217,97.5433399503961,0.0008979096310599358,0.0009688049800920854,0.0008979096310599358,7.089534903214961e-05,h2o_ions,H₂O⁺,injection,0,-5,500
extraction_h2o_ions,0,0.0,100007,100007,100007,100007,1.0,1.0,10.019461502661958,10.019461502661958,15.591879166802789,55.61593966562333,55.61593966562333,5.873384682202334,11.5091923760751,-0.03233529661742959,-0.045410092518442545,-0.03233529661742959,-0.013074795901012952,h2o_ions,H₂O⁺,extraction,0,0,100
extraction_h2o_ions,200,0.02,100007,100007,100007,100007,1.0,1.0,10.019461502661958,10.019461502661958,15.589072676070325,55.58792927073615,55.58792927073615,5.870447399324732,11.501700133610699,-0.03233529661742959,-0.045422539822652444,-0.03233529661742959,-0.013087243205222851,h2o_ions,H₂O⁺,extraction,0,0,100
extraction_h2o_ions,1000,0.1,100007,100007,100007,100007,1.0,1.0,10.019461502661958,10.019461502661958,15.522007062793644,54.91857580040382,54.91857580040382,5.800250059407798,11.3224962089694,-0.03233529661742959,-0.045343579537816696,-0.03233529661742959,-0.013008282920387103,h2o_ions,H₂O⁺,extraction,0,0,100
extraction_h2o_ions,0,0.0,100007,100007,100007,100007,1.0,1.0,10.019461502661958,10.019461502661958,39.55103231204208,294.74209568582313,294.74209568582313,30.366157986190263,62.8867658532144,-0.03233529661742959,-0.08818695364938044,-0.03233529661742959,-0.055851657031950844,h2o_ions,H₂O⁺,extraction,0,0,500
extraction_h2o_ions,200,0.02,100007,100007,100007,100007,1.0,1.0,10.019461502661958,10.019461502661958,39.53580907096874,294.59015896677596,294.59015896677596,30.350608648575975,62.8438519849219,-0.03233529661742959,-0.08834319871218539,-0.03233529661742959,-0.0560079020947558,h2o_ions,H₂O⁺,extraction,0,0,500
extraction_h2o_ions,1000,0.1,100007,100007,100007,100007,1.0,1.0,10.019461502661958,10.019461502661958,39.172055666808056,290.95969036260954,290.95969036260954,29.979046750360137,61.8111875335932,-0.03233529661742959,-0.08857451354187049,-0.03233529661742959,-0.056239216924440893,h2o_ions,H₂O⁺,extraction,0,0,500
extraction_h2o_ions,0,0.0,100007,100007,100007,100007,1.0,1.0,10.019461502661963,10.019461502661963,15.591879166802789,55.61593966562324,55.61593966562324,5.873384682202329,11.5091923760752,4.967664703382552,4.954589907481547,4.967664703382552,-0.013074795901005132,h2o_ions,H₂O⁺,extraction,5,0,100
extraction_h2o_ions,200,0.02,100007,100007,100007,100007,1.0,1.0,10.019461502661963,10.019461502661963,15.589072676070328,55.587929270736105,55.587929270736105,5.8704473993247275,11.501700133610603,4.967664703382552,4.954577460177338,4.967664703382552,-0.013087243205214705,h2o_ions,H₂O⁺,extraction,5,0,100
extraction_h2o_ions,1000,0.1,100007,100007,100007,100007,1.0,1.0,10.019461502661963,10.019461502661963,15.522007062793648,54.91857580040376,54.91857580040376,5.800250059407793,11.3224962089693,4.967664703382552,4.9546564204621735,4.967664703382552,-0.01300828292037881,h2o_ions,H₂O⁺,extraction,5,0,100
extraction_h2o_ions,0,0.0,100007,100007,100007,100007,1.0,1.0,10.019461502661963,10.019461502661963,39.55103231204208,294.74209568582296,294.74209568582296,30.366157986190252,62.8867658532146,4.967664703382552,4.911813046350616,4.967664703382552,-0.055851657031936064,h2o_ions,H₂O⁺,extraction,5,0,500
extraction_h2o_ions,200,0.02,100007,100007,100007,100007,1.0,1.0,10.019461502661963,10.019461502661963,39.53580907096874,294.59015896677573,294.59015896677573,30.350608648575967,62.8438519849219,4.967664703382552,4.911656801287811,4.967664703382552,-0.05600790209474127,h2o_ions,H₂O⁺,extraction,5,0,500
extraction_h2o_ions,1000,0.1,100007,100007,100007,100007,1.0,1.0,10.019461502661963,10.019461502661963,39.172055666808056,290.9596903626093,290.9596903626093,29.97904675036013,61.8111875335932,4.967664703382552,4.911425486458127,4.967664703382552,-0.05623921692442568,h2o_ions,H₂O⁺,extraction,5,0,500
extraction_h2o_ions,0,0.0,100007,100007,100007,100007,1.0,1.0,10.019461502661974,10.019461502661974,15.591879166802794,55.615939665623124,55.615939665623124,5.87338468220232,11.5091923760752,9.967664703382539,9.954589907481537,9.967664703382539,-0.013074795901001579,h2o_ions,H₂O⁺,extraction,10,0,100
extraction_h2o_ions,200,0.02,100007,100007,100007,100007,1.0,1.0,10.019461502661974,10.019461502661974,15.589072676070332,55.58792927073597,55.58792927073597,5.870447399324719,11.501700133610601,9.967664703382539,9.954577460177328,9.967664703382539,-0.013087243205211152,h2o_ions,H₂O⁺,extraction,10,0,100
extraction_h2o_ions,1000,0.1,100007,100007,100007,100007,1.0,1.0,10.019461502661974,10.019461502661974,15.522007062793651,54.918575800403644,54.918575800403644,5.800250059407784,11.3224962089693,9.967664703382539,9.954656420462163,9.967664703382539,-0.013008282920376146,h2o_ions,H₂O⁺,extraction,10,0,100
extraction_h2o_ions,0,0.0,100007,100007,100007,100007,1.0,1.0,10.019461502661974,10.019461502661974,39.55103231204208,294.7420956858225,294.7420956858225,30.366157986190238,62.8867658532146,9.967664703382539,9.911813046350613,9.967664703382539,-0.055851657031926294,h2o_ions,H₂O⁺,extraction,10,0,500
extraction_h2o_ions,200,0.02,100007,100007,100007,100007,1.0,1.0,10.019461502661974,10.019461502661974,39.535809070968746,294.5901589667754,294.5901589667754,30.350608648575953,62.843851984922,9.967664703382539,9.911656801287807,9.967664703382539,-0.05600790209473239,h2o_ions,H₂O⁺,extraction,10,0,500
extraction_h2o_ions,1000,0.1,100007,100007,100007,100007,1.0,1.0,10.019461502661974,10.019461502661974,39.172055666808056,290.9596903626089,290.9596903626089,29.979046750360116,61.8111875335933,9.967664703382539,9.911425486458121,9.967664703382539,-0.05623921692441769,h2o_ions,H₂O⁺,extraction,10,0,500
extraction_h2o_ions,0,0.0,100007,100007,100007,100007,1.0,1.0,10.019461502661958,10.019461502661958,15.749909049264764,57.1931689650222,57.1931689650222,6.034701009983407,11.7941490336817,-0.03233529661742959,-0.04577024958910993,-0.03233529661742959,-0.01343495297168034,h2o_ions,H₂O⁺,extraction,0,5,100
extraction_h2o_ions,200,0.02,100007,100007,100007,100007,1.0,1.0,10.019461502661958,10.019461502661958,15.746878769433064,57.16292502595526,57.16292502595526,6.031534363001991,11.786133585796998,-0.03233529661742959,-0.04578401320387197,-0.03233529661742959,-0.01344871658644238,h2o_ions,H₂O⁺,extraction,0,5,100
extraction_h2o_ions,1000,0.1,100007,100007,100007,100007,1.0,1.0,10.019461502661958,10.019461502661958,15.674460185041019,56.44014581898087,56.44014581898087,5.9558460262944015,11.594444131862,-0.03233529661742959,-0.045701855086307155,-0.03233529661742959,-0.013366558468877562,h2o_ions,H₂O⁺,extraction,0,5,100
extraction_h2o_ions,0,0.0,100007,100007,100007,100007,1.0,1.0,10.019461502661958,10.019461502661958,40.39419837390622,303.1573788987995,303.1573788987995,31.2085099279701,64.4459983209337,-0.03233529661742959,-0.08977348148540552,-0.03233529661742959,-0.05743818486797593,h2o_ions,H₂O⁺,extraction,0,5,500
extraction_h2o_ions,200,0.02,100007,100007,100007,100007,1.0,1.0,10.019461502661958,10.019461502661958,40.37786986399355,302.99441095977073,302.99441095977073,31.19185255100347,64.4001921431156,-0.03233529661742959,-0.0899455743205872,-0.03233529661742959,-0.0576102777031576,h2o_ions,H₂O⁺,extraction,0,5,500
extraction_h2o_ions,1000,0.1,100007,100007,100007,100007,1.0,1.0,10.019461502661958,10.019461502661958,39.98729987201597,299.09629735482486,299.09629735482486,30.793365166885117,63.2983204100199,-0.03233529661742959,-0.09018873602378491,-0.03233529661742959,-0.05785343940635532,h2o_ions,H₂O⁺,extraction,0,5,500
extraction_h2o_ions,0,0.0,100007,100007,100007,100007,1.0,1.0,10.019461502661958,10.019461502661958,15.430718454304719,54.007462878170685,54.007462878170685,5.7088279873074015,11.2242357184685,-0.03233529661742959,-0.04505950877975834,-0.03233529661742959,-0.012724212162328746,h2o_ions,H₂O⁺,extraction,0,-5,100
extraction_h2o_ions,200,0.02,100007,100007,100007,100007,1.0,1.0,10.019461502661958,10.019461502661958,15.428129693260669,53.98162555105124,53.98162555105124,5.706114236987268,11.217243048750499,-0.03233529661742959,-0.04507044455567926,-0.03233529661742959,-0.012735147938249668,h2o_ions,H₂O⁺,extraction,0,-5,100
extraction_h2o_ions,1000,0.1,100007,100007,100007,100007,1.0,1.0,10.019461502661958,10.019461502661958,15.366245821113852,53.363988843426036,53.363988843426036,5.641235177625983,11.0499644769059,-0.03233529661742959,-0.04499642873181834,-0.03233529661742959,-0.012661132114388747,h2o_ions,H₂O⁺,extraction,0,-5,100
extraction_h2o_ions,0,0.0,100007,100007,100007,100007,1.0,1.0,10.019461502661958,10.019461502661958,38.69231864746349,286.1716384376921,286.1716384376921,29.508277901935227,61.500781437463985,-0.03233529661742959,-0.08640822424947726,-0.03233529661742959,-0.05407292763204767,h2o_ions,H₂O⁺,extraction,0,-5,500
extraction_h2o_ions,200,0.02,100007,100007,100007,100007,1.0,1.0,10.019461502661958,10.019461502661958,38.678175079152446,286.0304774750267,286.0304774750267,29.493812222971975,61.460330063712306,-0.03233529661742959,-0.08656006509414937,-0.03233529661742959,-0.05422476847671978,h2o_ions,H₂O⁺,extraction,0,-5,500
extraction_h2o_ions,1000,0.1,100007,100007,100007,100007,1.0,1.0,10.019461502661958,10.019461502661958,38.34041029846749,282.6593903103601,282.6593903103601,29.1483373353737,60.3208678802464,-0.03233529661742959,-0.08681113126611294,-0.03233529661742959,-0.054475834648683344,h2o_ions,H₂O⁺,extraction,0,-5,500
injection_n2_ions,0,0.0,99988,99988,99988,99988,1.0,1.0,9.98184665832871,9.98184665832871,15.598355841697957,56.267235669092486,56.267235669092486,6.317715986966673,16.1083471527175,0.0008979096310599358,0.003503272022530538,0.0008979096310599358,0.0026053623914706024,n2_ions,N₂⁺,injection,0,0,100
injection_n2_ions,200,0.02,99988,99988,99988,99988,1.0,1.0,9.98184665832871,9.98184665832871,15.596207622722346,56.24571441106134,56.24571441106134,6.315422541522323,16.1026653575582,0.0008979096310599358,0.0034994133383843802,0.0008979096310599358,0.0026015037073244445,n2_ions,N₂⁺,injection,0,0,100
injection_n2_ions,1000,0.1,99988,99988,99988,99988,1.0,1.0,9.98184665832871,9.98184665832871,15.544829394992293,55.73099775102146,55.73099775102146,6.26056392318498,15.9667331821261,0.0008979096310599358,0.0034774199384191677,0.0008979096310599358,0.002579510307359232,n2_ions,N₂⁺,injection,0,0,100
injection_n2_ions,0,0.0,99988,99988,99988,99988,1.0,1.0,9.98184665832871,9.98184665832871,41.393276387885315,314.68555673861573,314.68555673861573,33.1091226341172,87.6930360956909,0.0008979096310599358,-0.001849214901497657,0.0008979096310599358,-0.0027471245325575927,n2_ions,N₂⁺,injection,0,0,500
injection_n2_ions,200,0.02,99988,99988,99988,99988,1.0,1.0,9.98184665832871,9.98184665832871,41.37987951622917,314.5513443817772,314.5513443817772,33.09542043347398,87.64992557610469,0.0008979096310599358,-0.0018623980605830858,0.0008979096310599358,-0.0027603076916430215,n2_ions,N₂⁺,injection,0,0,500
injection_n2_ions,1000,0.1,99988,99988,99988,99988,1.0,1.0,9.98184665832871,9.98184665832871,41.059761437007054,311.3443418082102,311.3443418082102,32.76798178623983,86.61992372185381,0.0008979096310599358,-0.0014980302678328477,0.0008979096310599358,-0.0023959398988927837,n2_ions,N₂⁺,injection,0,0,500
injection_n2_ions,0,0.0,99988,99988,99988,99988,1.0,1.0,9.981846658328717,9.981846658328717,15.598355841697957,56.26723566909237,56.26723566909237,6.317715986966668,16.1083471527175,5.000897909631041,5.003503272022519,5.000897909631041,0.0026053623914785717,n2_ions,N₂⁺,injection,5,0,100
injection_n2_ions,200,0.02,99988,99988,99988,99988,1.0,1.0,9.981846658328717,9.981846658328717,15.596207622722346,56.24571441106123,56.24571441106123,6.315422541522318,16.1026653575582,5.000897909631041,5.003499413338373,5.000897909631041,0.0026015037073321423,n2_ions,N₂⁺,injection,5,0,100
injection_n2_ions,1000,0.1,99988,99988,99988,99988,1.0,1.0,9.981846658328717,9.981846658328717,15.544829394992295,55.73099775102135,55.73099775102135,6.260563923184975,15.966733182126099,5.000897909631041,5.003477419938409,5.000897909631041,0.002579510307367805,n2_ions,N₂⁺,injection,5,0,100
injection_n2_ions,0,0.0,99988,99988,99988,99988,1.0,1.0,9.981846658328717,9.981846658328717,41.393276387885315,314.68555673861533,314.68555673861533,33.10912263411719,87.6930360956909,5.000897909631041,4.998150785098498,5.000897909631041,-0.0027471245325427773,n2_ions,N₂⁺,injection,5,0,500
injection_n2_ions,200,0.02,99988,99988,99988,99988,1.0,1.0,9.981846658328717,9.981846658328717,41.37987951622917,314.55134438177686,314.55134438177686,33.095420433473976,87.6499255761045,5.000897909631041,4.998137601939413,5.000897909631041,-0.00276030769162805,n2_ions,N₂⁺,injection,5,0,500
injection_n2_ions,1000,0.1,99988,99988,99988,99988,1.0,1.0,9.981846658328717,9.981846658328717,41.059761437007054,311.3443418082099,311.3443418082099,32.76798178623982,86.61992372185371,5.000897909631041,4.998501969732162,5.000897909631041,-0.0023959398988786518,n2_ions,N₂⁺,injection,5,0,500
injection_n2_ions,0,0.0,99988,99988,99988,99988,1.0,1.0,9.981846658328728,9.981846658328728,15.598355841697963,56.267235669092265,56.267235669092265,6.317715986966659,16.1083471527175,10.000897909631027,10.00350327202251,10.000897909631027,0.0026053623914830126,n2_ions,N₂⁺,injection,10,0,100
injection_n2_ions,200,0.02,99988,99988,99988,99988,1.0,1.0,9.981846658328728,9.981846658328728,15.596207622722352,56.24571441106112,56.24571441106112,6.31542254152231,16.102665357558198,10.000897909631027,10.003499413338362,10.000897909631027,0.002601503707335695,n2_ions,N₂⁺,injection,10,0,100
injection_n2_ions,1000,0.1,99988,99988,99988,99988,1.0,1.0,9.981846658328728,9.981846658328728,15.5448293949923,55.730997751021235,55.730997751021235,6.260563923184967,15.966733182126099,10.000897909631027,10.003477419938399,10.000897909631027,0.002579510307372246,n2_ions,N₂⁺,injection,10,0,100
injection_n2_ions,0,0.0,99988,99988,99988,99988,1.0,1.0,9.981846658328728,9.981846658328728,41.393276387885315,314.68555673861493,314.68555673861493,33.10912263411718,87.6930360956909,10.000897909631027,9.998150785098494,10.000897909631027,-0.0027471245325330074,n2_ions,N₂⁺,injection,10,0,500
injection_n2_ions,200,0.02,99988,99988,99988,99988,1.0,1.0,9.981846658328728,9.981846658328728,41.37987951622917,314.5513443817764,314.5513443817764,33.09542043347396,87.6499255761047,10.000897909631027,9.998137601939408,10.000897909631027,-0.00276030769161828,n2_ions,N₂⁺,injection,10,0,500
injection_n2_ions,1000,0.1,99988,99988,99988,99988,1.0,1.0,9.981846658328728,9.981846658328728,41.059761437007054,311.34434180820944,311.34434180820944,32.76798178623981,86.6199237218537,10.000897909631027,9.998501969732157,10.000897909631027,-0.00239593989886977,n2_ions,N₂⁺,injection,10,0,500
injection_n2_ions,0,0.0,99988,99988,99988,99988,1.0,1.0,9.98184665832871,9.98184665832871,15.748592203942854,57.77233154350707,57.77233154350707,6.478093630578464,16.5076826539362,0.0008979096310599358,0.003594330010968451,0.0008979096310599358,0.0026964203799085154,n2_ions,N₂⁺,injection,0,5,100
injection_n2_ions,200,0.02,99988,99988,99988,99988,1.0,1.0,9.98184665832871,9.98184665832871,15.746281905633243,57.74918654450347,57.74918654450347,6.475630909932696,16.501601842008505,0.0008979096310599358,0.003590239125112227,0.0008979096310599358,0.002692329494052291,n2_ions,N₂⁺,injection,0,5,100
injection_n2_ions,1000,0.1,99988,99988,99988,99988,1.0,1.0,9.98184665832871,9.98184665832871,15.691023108495719,57.1955936169722,57.1955936169722,6.416715552683583,16.356060533537402,0.0008979096310599358,0.0035663947906168464,0.0008979096310599358,0.0026684851595569106,n2_ions,N₂⁺,injection,0,5,100
injection_n2_ions,0,0.0,99988,99988,99988,99988,1.0,1.0,9.98184665832871,9.98184665832871,42.201337306821465,322.7808616115062,322.7808616115062,33.91985989258439,89.5708550991947,0.0008979096310599358,-0.0014681661245612172,0.0008979096310599358,-0.002366075755621153,n2_ions,N₂⁺,injection,0,5,500
injection_n2_ions,200,0.02,99988,99988,99988,99988,1.0,1.0,9.98184665832871,9.98184665832871,42.187044573320726,322.63767434375944,322.63767434375944,33.90525729160383,89.52502620280539,0.0008979096310599358,-0.0014777493793485395,0.0008979096310599358,-0.0023756590104084753,n2_ions,N₂⁺,injection,0,5,500
injection_n2_ions,1000,0.1,99988,99988,99988,99988,1.0,1.0,9.98184665832871,9.98184665832871,41.845385074068034,319.21486580995355,319.21486580995355,33.55618128413944,88.44297458452661,0.0008979096310599358,-0.001136654446351343,0.0008979096310599358,-0.0020345640774112788,n2_ions,N₂⁺,injection,0,5,500
injection_n2_ions,0,0.0,99988,99988,99988,99988,1.0,1.0,9.98184665832871,9.98184665832871,15.445243910153097,54.73333180555131,54.73333180555131,6.15403280137584,15.700775267205602,0.0008979096310599358,0.0034109035205465033,0.0008979096310599358,0.0025129938894865676,n2_ions,N₂⁺,injection,0,-5,100
injection_n2_ions,200,0.02,99988,99988,99988,99988,1.0,1.0,9.98184665832871,9.98184665832871,15.44325393447081,54.713395858322265,54.713395858322265,6.151905067492981,15.6954975036488,0.0008979096310599358,0.003407619353289117,0.0008979096310599358,0.002509709722229181,n2_ions,N₂⁺,injection,0,-5,100
injection_n2_ions,1000,0.1,99988,99988,99988,99988,1.0,1.0,9.98184665832871,9.98184665832871,15.39564158100829,54.236406428487726,54.236406428487726,6.10098609475495,15.5692200453282,0.0008979096310599358,0.003388702555501524,0.0008979096310599358,0.0024907929244415883,n2_ions,N₂⁺,injection,0,-5,100
injection_n2_ions,0,0.0,99988,99988,99988,99988,1.0,1.0,9.98184665832871,9.98184665832871,40.57086835461829,306.4465198006878,306.4465198006878,32.28394315628201,85.7453382808926,0.0008979096310599358,-0.002263914173259481,0.0008979096310599358,-0.003161823804319417,n2_ions,N₂⁺,injection,0,-5,500
injection_n2_ions,200,0.02,99988,99988,99988,99988,1.0,1.0,9.98184665832871,9.98184665832871,40.55835160724254,306.3211246929067,306.3211246929067,32.27112553575441,85.7062048921429,0.0008979096310599358,-0.002264454862933616,0.0008979096310599358,-0.0031623644939935518,n2_ions,N₂⁺,injection,0,-5,500
injection_n2_ions,1000,0.1,99988,99988,99988,99988,1.0,1.0,9.98184665832871,9.98184665832871,40.25914732111411,303.3236403959628,303.3236403959628,31.96470062660279,84.7694482577075,0.0008979096310599358,-0.001956284768539583,0.0008979096310599358,-0.002854194399599519,n2_ions,N₂⁺,injection,0,-5,500
extraction_n2_ions,0,0.0,100007,100007,100007,100007,1.0,1.0,10.019461502661958,10.019461502661958,15.019244617612879,49.900716856116325,49.900716856116325,5.252899805878572,10.286619685036701,-0.03233529661742959,-0.04484458256583323,-0.03233529661742959,-0.012509285948403635,n2_ions,N₂⁺,extraction,0,0,100
extraction_n2_ions,200,0.02,100007,100007,100007,100007,1.0,1.0,10.019461502661958,10.019461502661958,15.017565135082691,49.88395465258131,49.88395465258131,5.251145302089442,10.2824130354397,-0.03233529661742959,-0.044853544480968115,-0.03233529661742959,-0.012518247863538522,n2_ions,N₂⁺,extraction,0,0,100
extraction_n2_ions,1000,0.1,100007,100007,100007,100007,1.0,1.0,10.019461502661958,10.019461502661958,14.97736186633909,49.482702861425466,49.482702861425466,5.209142383867832,10.182139681031199,-0.03233529661742959,-0.04480709789777207,-0.03233529661742959,-0.012471801280342476,n2_ions,N₂⁺,extraction,0,0,100
extraction_n2_ions,0,0.0,100007,100007,100007,100007,1.0,1.0,10.019461502661958,10.019461502661958,37.467425433876706,273.9464982616322,273.9464982616322,28.26065592123345,58.879659893877104,-0.03233529661742959,-0.08885776109525638,-0.03233529661742959,-0.056522464477826787,n2_ions,N₂⁺,extraction,0,0,500
extraction_n2_ions,200,0.02,100007,100007,100007,100007,1.0,1.0,10.019461502661958,10.019461502661958,37.4583500473086,273.85592067354827,273.85592067354827,28.25141887248693,58.85365315730749,-0.03233529661742959,-0.08896000624227758,-0.03233529661742959,-0.05662470962484799,n2_ions,N₂⁺,extraction,0,0,500
extraction_n2_ions,1000,0.1,100007,100007,100007,100007,1.0,1.0,10.019461502661958,10.019461502661958,37.2413011223491,271.68964731742193,271.68964731742193,28.030520417230804,58.238171702702004,-0.03233529661742959,-0.08905241622426727,-0.03233529661742959,-0.056717119606837674,n2_ions,N₂⁺,extraction,0,0,500
extraction_n2_ions,0,0.0,100007,100007,100007,100007,1.0,1.0,10.019461502661963,10.019461502661963,15.01924461761288,49.900716856116254,49.900716856116254,5.252899805878568,10.286619685036701,4.967664703382552,4.955155417434156,4.967664703382552,-0.012509285948396176,n2_ions,N₂⁺,extraction,5,0,100
extraction_n2_ions,200,0.02,100007,100007,100007,100007,1.0,1.0,10.019461502661963,10.019461502661963,15.017565135082693,49.88395465258124,49.88395465258124,5.251145302089438,10.282413035439706,4.967664703382552,4.955146455519022,4.967664703382552,-0.012518247863530618,n2_ions,N₂⁺,extraction,5,0,100
extraction_n2_ions,1000,0.1,100007,100007,100007,100007,1.0,1.0,10.019461502661963,10.019461502661963,14.97736186633909,49.48270286142537,49.48270286142537,5.209142383867828,10.1821396810311,4.967664703382552,4.955192902102217,4.967664703382552,-0.012471801280335093,n2_ions,N₂⁺,extraction,5,0,100
extraction_n2_ions,0,0.0,100007,100007,100007,100007,1.0,1.0,10.019461502661963,10.019461502661963,37.467425433876706,273.946498261632,273.946498261632,28.26065592123344,58.87965989387699,4.967664703382552,4.911142238904739,4.967664703382552,-0.05652246447781284,n2_ions,N₂⁺,extraction,5,0,500
extraction_n2_ions,200,0.02,100007,100007,100007,100007,1.0,1.0,10.019461502661963,10.019461502661963,37.4583500473086,273.8559206735481,273.8559206735481,28.251418872486923,58.85365315730759,4.967664703382552,4.911039993757719,4.967664703382552,-0.0566247096248329,n2_ions,N₂⁺,extraction,5,0,500
extraction_n2_ions,1000,0.1,100007,100007,100007,100007,1.0,1.0,10.019461502661963,10.019461502661963,37.2413011223491,271.68964731742176,271.68964731742176,28.030520417230793,58.238171702702004,4.967664703382552,4.910947583775729,4.967664703382552,-0.05671711960682302,n2_ions,N₂⁺,extraction,5,0,500
extraction_n2_ions,0,0.0,100007,100007,100007,100007,1.0,1.0,10.019461502661974,10.019461502661974,15.019244617612886,49.90071685611615,49.90071685611615,5.252899805878559,10.286619685036701,9.967664703382539,9.955155417434145,9.967664703382539,-0.012509285948393511,n2_ions,N₂⁺,extraction,10,0,100
extraction_n2_ions,200,0.02,100007,100007,100007,100007,1.0,1.0,10.019461502661974,10.019461502661974,15.017565135082698,49.88395465258115,49.88395465258115,5.251145302089429,10.2824130354397,9.967664703382539,9.95514645551901,9.967664703382539,-0.012518247863528842,n2_ions,N₂⁺,extraction,10,0,100
extraction_n2_ions,1000,0.1,100007,100007,100007,100007,1.0,1.0,10.019461502661974,10.019461502661974,14.977361866339097,49.48270286142529,49.48270286142529,5.209142383867819,10.182139681031106,9.967664703382539,9.955192902102207,9.967664703382539,-0.012471801280332429,n2_ions,N₂⁺,extraction,10,0,100
extraction_n2_ions,0,0.0,100007,100007,100007,100007,1.0,1.0,10.019461502661974,10.019461502661974,37.467425433876706,273.9464982616316,273.9464982616316,28.26065592123343,58.87965989387699,9.967664703382539,9.911142238904738,9.967664703382539,-0.05652246447780129,n2_ions,N₂⁺,extraction,10,0,500
extraction_n2_ions,200,0.02,100007,100007,100007,100007,1.0,1.0,10.019461502661974,10.019461502661974,37.4583500473086,273.85592067354764,273.85592067354764,28.25141887248691,58.853653157307605,9.967664703382539,9.911039993757715,9.967664703382539,-0.05662470962482402,n2_ions,N₂⁺,extraction,10,0,500
extraction_n2_ions,1000,0.1,100007,100007,100007,100007,1.0,1.0,10.019461502661974,10.019461502661974,37.2413011223491,271.68964731742136,271.68964731742136,28.030520417230782,58.23817170270199,9.967664703382539,9.910947583775725,9.967664703382539,-0.05671711960681414,n2_ions,N₂⁺,extraction,10,0,500
extraction_n2_ions,0,0.0,100007,100007,100007,100007,1.0,1.0,10.019461502661958,10.019461502661958,15.159516583458235,51.30071191381567,51.30071191381567,5.396151722484021,10.5223684569525,-0.03233529661742959,-0.04521662241682672,-0.03233529661742959,-0.012881325799397124,n2_ions,N₂⁺,extraction,0,5,100
extraction_n2_ions,200,0.02,100007,100007,100007,100007,1.0,1.0,10.019461502661958,10.019461502661958,15.157705713829083,51.28263839131477,51.28263839131477,5.394262407742375,10.517899521512,-0.03233529661742959,-0.0452263822184786,-0.03233529661742959,-0.012891085601049006,n2_ions,N₂⁺,extraction,0,5,100
extraction_n2_ions,1000,0.1,100007,100007,100007,100007,1.0,1.0,10.019461502661958,10.019461502661958,15.114371627654865,50.8501392379151,50.8501392379151,5.34904715269923,10.411392201348,-0.03233529661742959,-0.04517946314359936,-0.03233529661742959,-0.012844166526169765,n2_ions,N₂⁺,extraction,0,5,100
extraction_n2_ions,0,0.0,100007,100007,100007,100007,1.0,1.0,10.019461502661958,10.019461502661958,38.25328257697876,281.789805438303,281.789805438303,29.047672557552698,60.268297881865394,-0.03233529661742959,-0.09051363182289483,-0.03233529661742959,-0.05817833520546524,n2_ions,N₂⁺,extraction,0,5,500
extraction_n2_ions,200,0.02,100007,100007,100007,100007,1.0,1.0,10.019461502661958,10.019461502661958,38.2435352104249,281.6925211027001,281.6925211027001,29.037763317904293,60.2407481946596,-0.03233529661742959,-0.0906156124864483,-0.03233529661742959,-0.0582803158690187,n2_ions,N₂⁺,extraction,0,5,500
extraction_n2_ions,1000,0.1,100007,100007,100007,100007,1.0,1.0,10.019461502661958,10.019461502661958,38.01041822789251,279.3658792719943,279.3658792719943,28.800745128181422,59.58873392660199,-0.03233529661742959,-0.09070265814940487,-0.03233529661742959,-0.058367361531975276,n2_ions,N₂⁺,extraction,0,5,500
extraction_n2_ions,0,0.0,100007,100007,100007,100007,1.0,1.0,10.019461502661958,10.019461502661958,14.876150777877903,48.472557870756084,48.472557870756084,5.106727711577793,10.0038937000602,-0.03233529661742959,-0.04451758575261785,-0.03233529661742959,-0.012182289135188255,n2_ions,N₂⁺,extraction,0,-5,100
extraction_n2_ions,200,0.02,100007,100007,100007,100007,1.0,1.0,10.019461502661958,10.019461502661958,14.874598215958105,48.45706240805696,48.45706240805696,5.105103481173706,9.999987412407602,-0.03233529661742959,-0.0445254668820241,-0.03233529661742959,-0.012190170264594506,n2_ions,N₂⁺,extraction,0,-5,100
extraction_n2_ions,1000,0.1,100007,100007,100007,100007,1.0,1.0,10.019461502661958,10.019461502661958,14.837431138811986,48.08611355879751,48.08611355879751,5.06621766985652,9.906854819231999,-0.03233529661742959,-0.044482902871449945,-0.03233529661742959,-0.012147606254020352,n2_ions,N₂⁺,extraction,0,-5,100
extraction_n2_ions,0,0.0,100007,100007,100007,100007,1.0,1.0,10.019461502661958,10.019461502661958,36.66732608402669,265.96104565385036,265.96104565385036,27.45947422389692,57.49117919652349,-0.03233529661742959,-0.0872232758300797,-0.03233529661742959,-0.05488797921265011,n2_ions,N₂⁺,extraction,0,-5,500
extraction_n2_ions,200,0.02,100007,100007,100007,100007,1.0,1.0,10.019461502661958,10.019461502661958,36.65890458179083,265.87699420823503,265.87699420823503,27.45089455389519,57.46665308549801,-0.03233529661742959,-0.08731805903136346,-0.03233529661742959,-0.054982762413933864,n2_ions,N₂⁺,extraction,0,-5,500
extraction_n2_ions,1000,0.1,100007,100007,100007,100007,1.0,1.0,10.019461502661958,10.019461502661958,36.45737575562845,263.86562038231796,263.86562038231796,27.245572904010604,56.8862309836323,-0.03233529661742959,-0.08741025001858668,-0.03233529661742959,-0.05507495340115709,n2_ions,N₂⁺,extraction,0,-5,500
injection_ions,0,0.0,99988,99988,99988,99988,1.0,1.0,9.98184665832871,9.98184665832871,18.940622645192672,89.75068735792378,89.75068735792378,9.77865402413434,23.6927134483532,0.0008979096310599358,0.004705930077232354,0.0008979096310599358,0.003808020446172418,ions,H₂⁺,injection,0,-4,100
injection_ions,0,0.0,99988,99988,99988,99988,1.0,1.0,9.98184665832871,9.98184665832871,18.997149174319304,90.31698066077138,90.31698066077138,9.837264580676587,23.792644962970606,0.0008979096310599358,0.00466054608966791,0.0008979096310599358,0.0037626364586079743,ions,H₂⁺,injection,0,-3,100
injection_ions,0,0.0,99988,99988,99988,99988,1.0,1.0,9.98184665832871,9.98184665832871,19.052793744164063,90.87443833117477,90.87443833117477,9.894953776254312,23.924081612437195,0.0008979096310599358,0.0048926137281493825,0.0008979096310599358,0.003994704097089447,ions,H₂⁺,injection,0,-2,100
injection_ions,0,0.0,99988,99988,99988,99988,1.0,1.0,9.98184665832871,9.98184665832871,19.108662239861147,91.43413933249668,91.43413933249668,9.952858826227375,24.042650500702305,0.0008979096310599358,0.0046742145323085595,0.0008979096310599358,0.0037763049012486238,ions,H₂⁺,injection,0,-1,100
injection_ions,0,0.0,99988,99988,99988,99988,1.0,1.0,9.98184665832871,9.98184665832871,19.219786577508295,92.54740365573117,92.54740365573117,10.06799516802061,24.3295457462293,0.0008979096310599358,0.004973297001680901,0.0008979096310599358,0.004075387370620965,ions,H₂⁺,injection,0,1,100
injection_ions,0,0.0,99988,99988,99988,99988,1.0,1.0,9.98184665832871,9.98184665832871,19.274792384497015,93.0984620808055,93.0984620808055,10.124968485140585,24.457608987521702,0.0008979096310599358,0.004831666811299763,0.0008979096310599358,0.003933757180239827,ions,H₂⁺,injection,0,2,100
injection_ions,0,0.0,99988,99988,99988,99988,1.0,1.0,9.98184665832871,9.98184665832871,19.3296041369468,93.64757643134554,93.64757643134554,10.181717960356822,24.618560027066795,0.0008979096310599358,0.004972129902161172,0.0008979096310599358,0.004074220271101236,ions,H₂⁺,injection,0,3,100
injection_ions,0,0.0,99988,99988,99988,99988,1.0,1.0,9.98184665832871,9.98184665832871,19.384727430322812,94.19981185694206,94.19981185694206,10.238799971073798,24.722341548878305,0.0008979096310599358,0.004872273017465396,0.0008979096310599358,0.0039743633864054604,ions,H₂⁺,injection,0,4,100
injection_ions,0,0.0,99988,99988,99988,99988,1.0,1.0,9.981846658328712,9.981846658328712,19.164032980973783,91.98885373563202,91.98885373563202,10.010209674958533,24.225669845188,1.0008979096310562,1.0049318674330818,1.0008979096310562,0.004033957802025645,ions,H₂⁺,injection,1,0,100
injection_ions,0,0.0,99988,99988,99988,99988,1.0,1.0,9.981846658328713,9.981846658328713,19.164032980973783,91.98885373563199,91.98885373563199,10.010209674958533,24.225669845187994,2.000897909631052,2.0049318674330796,2.000897909631052,0.004033957802027643,ions,H₂⁺,injection,2,0,100
injection_ions,0,0.0,99988,99988,99988,99988,1.0,1.0,9.981846658328713,9.981846658328713,19.164032980973783,91.98885373563199,91.98885373563199,10.01020967495853,24.225669845188,3.000897909631048,3.004931867433078,3.000897909631048,0.004033957802029864,ions,H₂⁺,injection,3,0,100
injection_ions,0,0.0,99988,99988,99988,99988,1.0,1.0,9.981846658328713,9.981846658328713,19.164032980973783,91.98885373563199,91.98885373563199,10.01020967495853,24.225669845188,4.000897909631044,4.0049318674330765,4.000897909631044,0.004033957802032084,ions,H₂⁺,injection,4,0,100
injection_ions,0,0.0,99988,99988,99988,99988,1.0,1.0,9.981846658328719,9.981846658328719,19.164032980973783,91.98885373563188,91.98885373563188,10.010209674958526,24.225669845188,6.000897909631037,6.004931867433073,6.000897909631037,0.004033957802035637,ions,H₂⁺,injection,6,0,100
injection_ions,0,0.0,99988,99988,99988,99988,1.0,1.0,9.98184665832872,9.98184665832872,19.164032980973783,91.98885373563186,91.98885373563186,10.010209674958524,24.225669845188,7.0008979096310355,7.004931867433071,7.0008979096310355,0.004033957802035637,ions,H₂⁺,injection,7,0,100
injection_ions,0,0.0,99988,99988,99988,99988,1.0,1.0,9.981846658328722,9.981846658328722,19.164032980973786,91.98885373563186,91.98885373563186,10.01020967495852,24.225669845188,8.000897909631032,8.004931867433069,8.000897909631032,0.004033957802036525,ions,H₂⁺,injection,8,0,100
injection_ions,0,0.0,99988,99988,99988,99988,1.0,1.0,9.981846658328726,9.981846658328726,19.164032980973786,91.98885373563179,91.98885373563179,10.010209674958519,24.225669845187994,9.00089790963103,9.004931867433069,9.00089790963103,0.0040339578020383016,ions,H₂⁺,injection,9,0,100
injection_h2o_ions,0,0.0,99988,99988,99988,99988,1.0,1.0,9.98184665832871,9.98184665832871,16.2956174705002,63.25253260531076,63.25253260531076,7.055763819240701,17.703958879865297,0.0008979096310599358,0.003896510046613025,0.0008979096310599358,0.002998600415553089,h2o_ions,H₂O⁺,injection,0,-4,100
injection_h2o_ions,0,0.0,99988,99988,99988,99988,1.0,1.0,9.98184665832871,9.98184665832871,16.331686524356265,63.61387910852487,63.61387910852487,7.09413390216321,17.7910081287783,0.0008979096310599358,0.0039445253718599456,0.0008979096310599358,0.00304661574080001,h2o_ions,H₂O⁺,injection,0,-3,100
injection_h2o_ions,0,0.0,99988,99988,99988,99988,1.0,1.0,9.98184665832871,9.98184665832871,16.367626815953837,63.973935647437784,63.973935647437784,7.1323338520562665,17.882939427092804,0.0008979096310599358,0.00398208071037919,0.0008979096310599358,0.0030841710793192544,h2o_ions,H₂O⁺,injection,0,-2,100
injection_h2o_ions,0,0.0,99988,99988,99988,99988,1.0,1.0,9.98184665832871,9.98184665832871,16.403328315753924,64.33159992562321,64.33159992562321,7.170289516477791,17.9726473898751,0.0008979096310599358,0.0039491538235567735,0.0008979096310599358,0.0030512441924968377,h2o_ions,H₂O⁺,injection,0,-1,100
injection_h2o_ions,0,0.0,99988,99988,99988,99988,1.0,1.0,9.98184665832871,9.98184665832871,16.47445150841433,65.04412532392774,65.04412532392774,7.245887811313213,18.1579199325693,0.0008979096310599358,0.004030136725623217,0.0008979096310599358,0.0031322270945632813,h2o_ions,H₂O⁺,injection,0,1,100
injection_h2o_ions,0,0.0,99988,99988,99988,99988,1.0,1.0,9.98184665832871,9.98184665832871,16.509871925368312,65.39897366177942,65.39897366177942,7.283516286398342,18.2577686945171,0.0008979096310599358,0.004049189222388065,0.0008979096310599358,0.0031512795913281296,h2o_ions,H₂O⁺,injection,0,2,100
injection_h2o_ions,0,0.0,99988,99988,99988,99988,1.0,1.0,9.98184665832871,9.98184665832871,16.545102106663503,65.75191618334976,65.75191618334976,7.320921826316313,18.342795993046302,0.0008979096310599358,0.004071814620458436,0.0008979096310599358,0.0031739049893985006,h2o_ions,H₂O⁺,injection,0,3,100
injection_h2o_ions,0,0.0,99988,99988,99988,99988,1.0,1.0,9.98184665832871,9.98184665832871,16.580151268705208,66.10304522030468,66.10304522030468,7.358137207365604,18.449269062629803,0.0008979096310599358,0.004081222385757127,0.0008979096310599358,0.0031833127546971917,h2o_ions,H₂O⁺,injection,0,4,100
injection_h2o_ions,0,0.0,99988,99988,99988,99988,1.0,1.0,9.981846658328712,9.981846658328712,16.438945412356553,64.68841863684742,64.68841863684742,7.208158286892904,18.076613610600297,1.0008979096310562,1.0039688499623132,1.0008979096310562,0.0030709403312569883,h2o_ions,H₂O⁺,injection,1,0,100
injection_h2o_ions,0,0.0,99988,99988,99988,99988,1.0,1.0,9.981846658328713,9.981846658328713,16.438945412356553,64.68841863684737,64.68841863684737,7.208158286892904,18.0766136106003,2.000897909631052,2.003968849962311,2.000897909631052,0.0030709403312592087,h2o_ions,H₂O⁺,injection,2,0,100
injection_h2o_ions,0,0.0,99988,99988,99988,99988,1.0,1.0,9.981846658328713,9.981846658328713,16.438945412356553,64.68841863684737,64.68841863684737,7.208158286892902,18.0766136106003,3.000897909631048,3.003968849962309,3.000897909631048,0.003070940331260985,h2o_ions,H₂O⁺,injection,3,0,100
injection_h2o_ions,0,0.0,99988,99988,99988,99988,1.0,1.0,9.981846658328713,9.981846658328713,16.438945412356553,64.68841863684737,64.68841863684737,7.2081582868929015,18.076613610600297,4.000897909631044,4.003968849962307,4.000897909631044,0.0030709403312627614,h2o_ions,H₂O⁺,injection,4,0,100
injection_h2o_ions,0,0.0,99988,99988,99988,99988,1.0,1.0,9.981846658328719,9.981846658328719,16.438945412356556,64.68841863684733,64.68841863684733,7.208158286892897,18.076613610600308,6.000897909631037,6.003968849962301,6.000897909631037,0.0030709403312636496,h2o_ions,H₂O⁺,injection,6,0,100
injection_h2o_ions,0,0.0,99988,99988,99988,99988,1.0,1.0,9.98184665832872,9.98184665832872,16.438945412356556,64.68841863684732,64.68841863684732,7.208158286892896,18.0766136106003,7.0008979096310355,7.0039688499623,7.0008979096310355,0.003070940331264538,h2o_ions,H₂O⁺,injection,7,0,100
injection_h2o_ions,0,0.0,99988,99988,99988,99988,1.0,1.0,9.981846658328722,9.981846658328722,16.438945412356556,64.68841863684727,64.68841863684727,7.208158286892894,18.076613610600297,8.000897909631032,8.003968849962298,8.000897909631032,0.003070940331266314,h2o_ions,H₂O⁺,injection,8,0,100
injection_h2o_ions,0,0.0,99988,99988,99988,99988,1.0,1.0,9.981846658328726,9.981846658328726,16.438945412356556,64.68841863684722,64.68841863684722,7.208158286892892,18.076613610600297,9.00089790963103,9.003968849962298,9.00089790963103,0.0030709403312680905,h2o_ions,H₂O⁺,injection,9,0,100
injection_n2_ions,0,0.0,99988,99988,99988,99988,1.0,1.0,9.98184665832871,9.98184665832871,15.47611487490982,55.04260288347318,55.04260288347318,6.187051186844107,15.7748764570583,0.0008979096310599358,0.003410036070342328,0.0008979096310599358,0.002512126439282392,n2_ions,N₂⁺,injection,0,-4,100
injection_n2_ions,0,0.0,99988,99988,99988,99988,1.0,1.0,9.98184665832871,9.98184665832871,15.506865748836844,55.350670869083515,55.350670869083515,6.219945064786068,15.848978808647699,0.0008979096310599358,0.0034549853567920337,0.0008979096310599358,0.002557075725732098,n2_ions,N₂⁺,injection,0,-3,100
injection_n2_ions,0,0.0,99988,99988,99988,99988,1.0,1.0,9.98184665832871,9.98184665832871,15.537491764472735,55.65748800106516,55.65748800106516,6.25268880147671,15.942108366980301,0.0008979096310599358,0.0034657805436928636,0.0008979096310599358,0.002567870912632928,n2_ions,N₂⁺,injection,0,-2,100
injection_n2_ions,0,0.0,99988,99988,99988,99988,1.0,1.0,9.98184665832871,9.98184665832871,15.56796130899302,55.96273757625134,55.96273757625134,6.285255593792616,16.0255854324069,0.0008979096310599358,0.0034927027229833575,0.0008979096310599358,0.0025947930919234218,n2_ions,N₂⁺,injection,0,-1,100
injection_n2_ions,0,0.0,99988,99988,99988,99988,1.0,1.0,9.98184665832871,9.98184665832871,15.628647513907227,56.57070328631934,56.57070328631934,6.35007534960237,16.182455579053503,0.0008979096310599358,0.0035161137989075273,0.0008979096310599358,0.0026182041678475916,n2_ions,N₂⁺,injection,0,1,100
injection_n2_ions,0,0.0,99988,99988,99988,99988,1.0,1.0,9.98184665832871,9.98184665832871,15.658735222067852,56.87212755369697,56.87212755369697,6.3822104495976175,16.266144400478797,0.0008979096310599358,0.0035233488935306517,0.0008979096310599358,0.002625439262470716,n2_ions,N₂⁺,injection,0,2,100
injection_n2_ions,0,0.0,99988,99988,99988,99988,1.0,1.0,9.98184665832871,9.98184665832871,15.688876575079671,57.1740892451909,57.1740892451909,6.414376350954696,16.3480301685425,0.0008979096310599358,0.003590749010315785,0.0008979096310599358,0.002692839379255849,n2_ions,N₂⁺,injection,0,3,100
injection_n2_ions,0,0.0,99988,99988,99988,99988,1.0,1.0,9.98184665832871,9.98184665832871,15.718820689203865,57.47407496075194,57.47407496075194,6.446328066605051,16.433509159749995,0.0008979096310599358,0.0035772622959828887,0.0008979096310599358,0.002679352664922953,n2_ions,N₂⁺,injection,0,4,100
injection_n2_ions,0,0.0,99988,99988,99988,99988,1.0,1.0,9.981846658328712,9.981846658328712,15.598355841697957,56.26723566909244,56.26723566909244,6.317715986966673,16.1083471527175,1.0008979096310562,1.0035032720225285,1.0008979096310562,0.0026053623914723545,n2_ions,N₂⁺,injection,1,0,100
injection_n2_ions,0,0.0,99988,99988,99988,99988,1.0,1.0,9.981846658328713,9.981846658328713,15.598355841697957,56.26723566909242,56.26723566909242,6.317715986966672,16.1083471527175,2.000897909631052,2.003503272022526,2.000897909631052,0.002605362391474131,n2_ions,N₂⁺,injection,2,0,100
injection_n2_ions,0,0.0,99988,99988,99988,99988,1.0,1.0,9.981846658328713,9.981846658328713,15.598355841697957,56.26723566909242,56.26723566909242,6.317715986966671,16.1083471527175,3.000897909631048,3.003503272022524,3.000897909631048,0.002605362391475907,n2_ions,N₂⁺,injection,3,0,100
injection_n2_ions,0,0.0,99988,99988,99988,99988,1.0,1.0,9.981846658328713,9.981846658328713,15.598355841697957,56.26723566909242,56.26723566909242,6.31771598696667,16.1083471527175,4.000897909631044,4.003503272022521,4.000897909631044,0.0026053623914767954,n2_ions,N₂⁺,injection,4,0,100
injection_n2_ions,0,0.0,99988,99988,99988,99988,1.0,1.0,9.981846658328719,9.981846658328719,15.598355841697959,56.26723566909235,56.26723566909235,6.3177159869666655,16.1083471527175,6.000897909631037,6.003503272022517,6.000897909631037,0.00260536239147946,n2_ions,N₂⁺,injection,6,0,100
injection_n2_ions,0,0.0,99988,99988,99988,99988,1.0,1.0,9.98184665832872,9.98184665832872,15.59835584169796,56.26723566909235,56.26723566909235,6.317715986966665,16.1083471527175,7.0008979096310355,7.003503272022515,7.0008979096310355,0.00260536239147946,n2_ions,N₂⁺,injection,7,0,100
injection_n2_ions,0,0.0,99988,99988,99988,99988,1.0,1.0,9.981846658328722,9.981846658328722,15.59835584169796,56.26723566909233,56.26723566909233,6.317715986966663,16.1083471527175,8.000897909631032,8.003503272022513,8.000897909631032,0.0026053623914812363,n2_ions,N₂⁺,injection,8,0,100
injection_n2_ions,0,0.0,99988,99988,99988,99988,1.0,1.0,9.981846658328726,9.981846658328726,15.598355841697963,56.26723566909229,56.26723566909229,6.317715986966661,16.1083471527175,9.00089790963103,9.003503272022511,9.00089790963103,0.0026053623914812363,n2_ions,N₂⁺,injection,9,0,100
