family,b_gs,b_t,n_sc_on,n_sc_off,n_all_on,n_all_off,detected_frac_on,detected_frac_off,sigma_initial_mm,sigma_sc_off_mm,sigma_sc_on_mm,expansion_vs_no_sc_pct,expansion_vs_initial_pct,rms_particle_dx_mm,max_abs_particle_dx_mm,mean_initial_mm,mean_sc_on_mm,mean_sc_off_mm,centroid_shift_vs_no_sc_mm,beam,dx_mm,dy_mm,power_kw
injection_electrons,0,0.0,100031,100031,100031,100031,1.0,1.0,9.998651729884015,10.415262351080944,5.428391013297002,-47.880419807825405,-45.70876994272535,10.36987368721731,27.421398191565196,0.025766252849588486,-0.0056920914774311535,0.019699540054796055,-0.025391631532227208,injection,0,0,100
injection_electrons,100,0.01,100031,100031,100031,100031,1.0,1.0,9.998651729884015,9.999928557309948,10.902331138260724,9.024090280036257,9.038012652003747,1.0431522849349817,3.0127171633413994,0.025766252849588486,-0.12551177841116748,0.02833972223227275,-0.15385150064344022,injection,0,0,100
injection_electrons,200,0.02,100031,100031,100031,100031,1.0,1.0,9.998651729884015,10.000411327493904,10.12857506755616,1.2815846855208646,1.2994085720960724,0.2421750718304509,2.6763715584392997,0.025766252849588486,-0.029374281000902922,0.03176792401612405,-0.06114220501702697,injection,0,0,100
injection_electrons,300,0.030000000000000002,100031,100031,100031,100031,1.0,1.0,9.998651729884015,10.001144232759604,10.061877224396063,0.6072604316366581,0.6323402016601865,0.18386901952014653,2.4395684889063,0.025766252849588486,-0.010510127062774741,0.03757032110622655,-0.0480804481690013,injection,0,0,100
injection_electrons,1000,0.1,100031,100031,100031,100031,1.0,1.0,9.998651729884015,9.998798806214241,9.996580258936097,-0.02218813800678454,-0.020717502758160755,0.10585273788127952,1.3976130262282993,0.025766252849588486,0.025480995900246755,0.034078399549812316,-0.008597403649565561,injection,0,0,100
injection_electrons,0,0.0,100031,100031,100031,100031,1.0,1.0,9.998651729884015,10.415262351080944,18.789321801302332,80.40181003556084,87.91855451015182,26.813225192893,107.75382918849111,0.025766252849588486,-0.011306169410601417,0.019699540054796055,-0.03100570946539747,injection,0,0,500
injection_electrons,100,0.01,100031,100031,100031,100031,1.0,1.0,9.998651729884015,9.999928557309948,10.193096568424611,1.9316939116875709,1.9447105849225377,2.960683485158061,13.9320925286597,0.025766252849588486,-0.5440029445472059,0.02833972223227275,-0.5723426667794786,injection,0,0,500
injection_electrons,200,0.02,100031,100031,100031,100031,1.0,1.0,9.998651729884015,10.000411327493904,9.99641250157758,-0.03998661440384188,-0.022395302556066365,0.7778980216302268,4.531200650847278,0.025766252849588486,-0.2473087282952603,0.03176792401612405,-0.27907665231138434,injection,0,0,500
injection_electrons,300,0.030000000000000002,100031,100031,100031,100031,1.0,1.0,9.998651729884015,10.001144232759604,9.986592052911165,-0.14550514930853353,-0.12061303162311798,0.42252067755569556,3.0151956177741006,0.025766252849588486,-0.15421381587269822,0.03757032110622655,-0.19178413697892477,injection,0,0,500
injection_electrons,1000,0.1,100031,100031,100031,100031,1.0,1.0,9.998651729884015,9.998798806214241,9.9988992001442,0.0010040599066396538,0.002475036303595246,0.13210341011206644,1.4207984988823004,0.025766252849588486,-0.024436899567588974,0.034078399549812316,-0.05851529911740129,injection,0,0,500
injection_electrons,0,0.0,100031,100031,100031,100031,1.0,1.0,9.99865172988402,10.415262351080946,5.4283910132970155,-47.880419807825284,-45.70876994272525,10.369873687217325,27.421398191565203,5.02576625284957,4.994307908522535,5.019699540054778,-0.02539163153224333,injection,5,0,100
injection_electrons,100,0.01,100031,100031,100031,100031,1.0,1.0,9.99865172988402,9.999928557309953,10.902331138260728,9.024090280036233,9.038012652003724,1.0431522849349797,3.0127171633413994,5.02576625284957,4.874488221588816,5.0283397222322535,-0.15385150064343733,injection,5,0,100
injection_electrons,200,0.02,100031,100031,100031,100031,1.0,1.0,9.99865172988402,10.000411327493909,10.128575067556163,1.2815846855208424,1.2994085720960502,0.24217507183045064,2.6763715584392003,5.02576625284957,4.970625718999079,5.031767924016105,-0.06114220501702583,injection,5,0,100
injection_electrons,300,0.030000000000000002,100031,100031,100031,100031,1.0,1.0,9.99865172988402,10.001144232759609,10.061877224396067,0.6072604316366359,0.6323402016601642,0.1838690195201465,2.4395684889062,5.02576625284957,4.989489872937207,5.037570321106208,-0.048080448169001144,injection,5,0,100
injection_electrons,1000,0.1,100031,100031,100031,100031,1.0,1.0,9.99865172988402,9.998798806214245,9.996580258936104,-0.022188138006751235,-0.020717502758149653,0.10585273788127955,1.3976130262282993,5.02576625284957,5.025480995900228,5.034078399549794,-0.008597403649566182,injection,5,0,100
injection_electrons,0,0.0,100031,100031,100031,100031,1.0,1.0,9.99865172988402,10.415262351080946,18.789321801302517,80.40181003556258,87.91855451015358,26.8132251928931,107.7538291884911,5.02576625284957,4.988693830589429,5.019699540054778,-0.031005709465349085,injection,5,0,500
injection_electrons,100,0.01,100031,100031,100031,100031,1.0,1.0,9.99865172988402,9.999928557309953,10.193096568424627,1.931693911687682,1.9447105849226487,2.9606834851580848,13.9320925286597,5.02576625284957,4.455997055452735,5.0283397222322535,-0.5723426667795186,injection,5,0,500
injection_electrons,200,0.02,100031,100031,100031,100031,1.0,1.0,9.99865172988402,10.000411327493909,9.996412501577584,-0.039986614403864085,-0.022395302556077468,0.777898021630226,4.5312006508473,5.02576625284957,4.752691271704721,5.031767924016105,-0.27907665231138346,injection,5,0,500
injection_electrons,300,0.030000000000000002,100031,100031,100031,100031,1.0,1.0,9.99865172988402,10.001144232759609,9.98659205291117,-0.14550514930853353,-0.12061303162311798,0.42252067755569656,3.0151956177740997,5.02576625284957,4.845786184127282,5.037570321106208,-0.19178413697892616,injection,5,0,500
injection_electrons,1000,0.1,100031,100031,100031,100031,1.0,1.0,9.99865172988402,9.998798806214245,9.998899200144205,0.0010040599066618583,0.002475036303595246,0.13210341011206655,1.4207984988823004,5.02576625284957,4.975563100432392,5.034078399549794,-0.05851529911740183,injection,5,0,500
injection_electrons,0,0.0,100031,100031,100031,100031,1.0,1.0,9.998651729884031,10.415262351080958,5.428391013297031,-47.88041980782519,-45.70876994272515,10.369873687217344,27.421398191565302,10.025766252849554,9.994307908522522,10.019699540054765,-0.025391631532242442,injection,10,0,100
injection_electrons,100,0.01,100031,100031,100031,100031,1.0,1.0,9.998651729884031,9.999928557309964,10.902331138260736,9.02409028003619,9.038012652003701,1.043152284934978,3.0127171633414003,10.025766252849554,9.874488221588802,10.02833972223224,-0.15385150064343733,injection,10,0,100
injection_electrons,200,0.02,100031,100031,100031,100031,1.0,1.0,9.998651729884031,10.000411327493921,10.128575067556174,1.2815846855208202,1.2994085720960502,0.24217507183045053,2.6763715584393,10.025766252849554,9.970625718999063,10.03176792401609,-0.06114220501702761,injection,10,0,100
injection_electrons,300,0.030000000000000002,100031,100031,100031,100031,1.0,1.0,9.998651729884031,10.00114423275962,10.06187722439608,0.6072604316366581,0.6323402016601865,0.1838690195201468,2.4395684889063,10.025766252849554,9.989489872937192,10.037570321106193,-0.048080448169001144,injection,10,0,100
injection_electrons,1000,0.1,100031,100031,100031,100031,1.0,1.0,9.998651729884031,9.998798806214257,9.996580258936115,-0.02218813800677344,-0.020717502758149653,0.10585273788127966,1.3976130262283029,10.025766252849554,10.025480995900214,10.034078399549779,-0.008597403649565294,injection,10,0,100
injection_electrons,0,0.0,100031,100031,100031,100031,1.0,1.0,9.998651729884031,10.415262351080958,18.78932180130246,80.40181003556182,87.9185545101528,26.813225192893093,107.7538291884911,10.025766252849554,9.988693830589085,10.019699540054765,-0.031005709465679487,injection,10,0,500
injection_electrons,100,0.01,100031,100031,100031,100031,1.0,1.0,9.998651729884031,9.999928557309964,10.193096568424643,1.9316939116877263,1.9447105849227153,2.960683485158077,13.932092528659698,10.025766252849554,9.455997055452732,10.02833972223224,-0.5723426667795071,injection,10,0,500
injection_electrons,200,0.02,100031,100031,100031,100031,1.0,1.0,9.998651729884031,10.000411327493921,9.996412501577595,-0.03998661440387519,-0.022395302556077468,0.7778980216302246,4.531200650847301,10.025766252849554,9.752691271704705,10.03176792401609,-0.27907665231138523,injection,10,0,500
injection_electrons,300,0.030000000000000002,100031,100031,100031,100031,1.0,1.0,9.998651729884031,10.00114423275962,9.986592052911181,-0.14550514930853353,-0.12061303162311798,0.42252067755569556,3.0151956177741,10.025766252849554,9.845786184127268,10.037570321106193,-0.19178413697892438,injection,10,0,500
injection_electrons,1000,0.1,100031,100031,100031,100031,1.0,1.0,9.998651729884031,9.998798806214257,9.998899200144216,0.0010040599066396538,0.002475036303595246,0.13210341011206658,1.4207984988823004,10.025766252849554,9.97556310043238,10.034078399549779,-0.05851529911739917,injection,10,0,500
injection_electrons,0,0.0,100031,100031,100031,100031,1.0,1.0,9.998651729884015,10.432711060707916,5.538563172894335,-46.9115636322577,-44.606899784891475,10.670950843443727,27.8486366313522,0.025766252849588486,-0.006984781396847682,0.019551419120863205,-0.026536200517710887,injection,0,5,100
injection_electrons,100,0.01,100031,100031,100031,100031,1.0,1.0,9.998651729884015,9.999256530709316,10.830561768142953,8.313670470205125,8.320222173280833,0.9643447419984618,3.168085749023,0.025766252849588486,-0.12619186950073188,0.028071423443525558,-0.15426329294425745,injection,0,5,100
injection_electrons,200,0.02,100031,100031,100031,100031,1.0,1.0,9.998651729884015,9.99947441005191,10.116069428789316,1.1660114717649606,1.1743353211749907,0.23288590907433163,2.8395676508587,0.025766252849588486,-0.03025682647577014,0.03027646906798775,-0.06053329554375789,injection,0,5,100
injection_electrons,300,0.030000000000000002,100031,100031,100031,100031,1.0,1.0,9.998651729884015,10.000212172244215,10.047962668506758,0.4774948315104277,0.49317587965747034,0.17690920381860387,2.4395684889063,0.025766252849588486,-0.011367068863490462,0.03390236511886817,-0.04526943398235863,injection,0,5,100
injection_electrons,1000,0.1,100031,100031,100031,100031,1.0,1.0,9.998651729884015,9.99905696491104,10.001887430406118,0.02830732443079853,0.0323613684076296,0.10609196080032628,1.156743986397199,0.025766252849588486,0.02375827547395901,0.03494208257094002,-0.011183807096981007,injection,0,5,100
injection_electrons,0,0.0,100031,100031,100031,100031,1.0,1.0,9.998651729884015,10.432711060707916,19.172740163485965,83.7752435768598,91.75325515321624,27.185255767179875,110.2076943971518,0.025766252849588486,-0.011500342180208251,0.019551419120863205,-0.031051761301071457,injection,0,5,500
injection_electrons,100,0.01,100031,100031,100031,100031,1.0,1.0,9.998651729884015,9.999256530709316,10.020686793391492,0.21431856074860534,0.22038034829854336,2.956059251476344,13.4182668451278,0.025766252849588486,-0.547185646456995,0.028071423443525558,-0.5752570699005205,injection,0,5,500
injection_electrons,200,0.02,100031,100031,100031,100031,1.0,1.0,9.998651729884015,9.99947441005191,9.975780946759604,-0.23694708662375108,-0.22873867139561188,0.7822070502815841,4.5365254003355,0.025766252849588486,-0.25409001862207586,0.03027646906798775,-0.2843664876900636,injection,0,5,500
injection_electrons,300,0.030000000000000002,100031,100031,100031,100031,1.0,1.0,9.998651729884015,10.000212172244215,9.972102792629844,-0.28108783224009004,-0.2655251725072305,0.42482010263583936,2.712773898875401,0.025766252849588486,-0.15711254259294055,0.03390236511886817,-0.19101490771180873,injection,0,5,500
injection_electrons,1000,0.1,100031,100031,100031,100031,1.0,1.0,9.998651729884015,9.99905696491104,9.999697367065425,0.006404625522504759,0.010457781805572886,0.1327263986245785,1.4708745334724007,0.025766252849588486,-0.026088241066819878,0.03494208257094002,-0.0610303236377599,injection,0,5,500
injection_electrons,0,0.0,100031,100031,100031,100031,1.0,1.0,9.998651729884015,10.397491147113378,5.364645259627469,-48.40442580115263,-46.34631343750485,10.115066400665302,26.5532784860451,0.025766252849588486,-0.005511253494045592,0.019734356129937253,-0.025245609623982847,injection,0,-5,100
injection_electrons,100,0.01,100031,100031,100031,100031,1.0,1.0,9.998651729884015,10.000717818502444,10.950749043578716,9.499630349719567,9.522256994401236,1.0959129325911798,3.2833693285061996,0.025766252849588486,-0.12401945411439662,0.029477760481553685,-0.1534972145959503,injection,0,-5,100
injection_electrons,200,0.02,100031,100031,100031,100031,1.0,1.0,9.998651729884015,10.00132980423994,10.129510032071323,1.2816318463674925,1.308759478002397,0.24506817706314743,2.375400094497299,0.025766252849588486,-0.02715076842429003,0.034782776675865136,-0.06193354510015517,injection,0,-5,100
injection_electrons,300,0.030000000000000002,100031,100031,100031,100031,1.0,1.0,9.998651729884015,10.002100006140848,10.063176137842238,0.6106330836913365,0.6453310876442631,0.18633608203790433,2.4243555072658998,0.025766252849588486,-0.0074381334801157965,0.0424371474407045,-0.049875280920820296,injection,0,-5,100
injection_electrons,1000,0.1,100031,100031,100031,100031,1.0,1.0,9.998651729884015,9.998545989119032,9.99425701612186,-0.04289596709200483,-0.04395306368177865,0.10654339159187541,1.1854650364152999,0.025766252849588486,0.024042538922768284,0.03328233848086928,-0.009239799558100992,injection,0,-5,100
injection_electrons,0,0.0,100031,100031,100031,100031,1.0,1.0,9.998651729884015,10.397491147113378,18.393085784931287,76.89926853207949,83.95566004122286,26.428864856561542,105.2411727431002,0.025766252849588486,-0.012022142962114667,0.019734356129937253,-0.03175649909205192,injection,0,-5,500
injection_electrons,100,0.01,100031,100031,100031,100031,1.0,1.0,9.998651729884015,10.000717818502444,10.374839288072225,3.740946163660519,3.7623828527186154,2.9802137950977716,13.3213380663487,0.025766252849588486,-0.5379494186544558,0.029477760481553685,-0.5674271791360095,injection,0,-5,500
injection_electrons,200,0.02,100031,100031,100031,100031,1.0,1.0,9.998651729884015,10.00132980423994,10.01931500733677,0.17982811734900128,0.20666063796377365,0.7768016802725292,4.2892440591777,0.025766252849588486,-0.23962071232656862,0.034782776675865136,-0.2744034890024338,injection,0,-5,500
injection_electrons,300,0.030000000000000002,100031,100031,100031,100031,1.0,1.0,9.998651729884015,10.002100006140848,10.004616148098979,0.025156136777138016,0.059652224880846205,0.42321229861905263,2.857769424433002,0.025766252849588486,-0.15047135455760793,0.0424371474407045,-0.19290850199831244,injection,0,-5,500
injection_electrons,1000,0.1,100031,100031,100031,100031,1.0,1.0,9.998651729884015,9.998545989119032,9.998001342965301,-0.005447253573909183,-0.006504746202629086,0.12968409784236726,1.0676623653938986,0.025766252849588486,-0.023443646151436726,0.03328233848086928,-0.056725984632306006,injection,0,-5,500
extraction_electrons,0,0.0,100011,100011,100011,100011,1.0,1.0,9.976976528033545,10.490615502178484,13.991807319437065,33.37451283512891,40.24095656757891,22.415885359823555,60.6108435367329,-0.06454657643773219,0.015751332105920512,-0.07722882807883079,0.0929801601847513,extraction,0,0,100
extraction_electrons,100,0.01,100011,100011,100011,100011,1.0,1.0,9.976976528033545,9.978854071383525,11.252280071490103,12.761244838306606,12.782465107271545,2.0266044308066014,8.5101851972695,-0.06454657643773219,-0.9545001264071447,-0.06446908920251704,-0.8900310372046276,extraction,0,0,100
extraction_electrons,200,0.02,100011,100011,100011,100011,1.0,1.0,9.976976528033545,9.978822246867573,10.064996402887335,0.863570408289549,0.8822299481858975,0.591923870190829,4.209354828375702,-0.06454657643773219,-0.43119387643550683,-0.0639776618700978,-0.36721621456540904,extraction,0,0,100
extraction_electrons,300,0.030000000000000002,100011,100011,100011,100011,1.0,1.0,9.976976528033545,9.978679855685334,9.967765711122356,-0.10937463392775015,-0.09232072347076237,0.35964559900064924,2.9455172027231007,-0.06454657643773219,-0.30250730176823015,-0.0634722127153096,-0.23903508905292054,extraction,0,0,100
extraction_electrons,1000,0.1,100011,100011,100011,100011,1.0,1.0,9.976976528033545,9.977210832273157,9.976611667234526,-0.006005336047354426,-0.0036570277377467875,0.1053476449279245,0.9111677137444993,-0.06454657643773219,-0.13570392176350812,-0.06396039123810739,-0.07174353052540074,extraction,0,0,100
extraction_electrons,0,0.0,100011,100011,100011,100011,1.0,1.0,9.976976528033545,10.490615502178484,17.368494621813024,65.5622076531761,74.08575206136464,21.913848719091547,124.2836796489483,-0.06454657643773219,0.06902167867061265,-0.07722882807883079,0.14625050674944345,extraction,0,0,500
extraction_electrons,100,0.01,100011,100011,100011,100011,1.0,1.0,9.976976528033545,9.978854071383525,11.049997937449788,10.734136990117893,10.754975782505284,5.085475355560724,22.9759596087532,-0.06454657643773219,-1.7819103118752158,-0.06446908920251704,-1.7174412226726987,extraction,0,0,500
extraction_electrons,200,0.02,100011,100011,100011,100011,1.0,1.0,9.976976528033545,9.978822246867573,10.104730196709953,1.2617516048239352,1.2804848073706854,2.0472104983340724,11.627315298075398,-0.06454657643773219,-0.9644599029186424,-0.0639776618700978,-0.9004822410485446,extraction,0,0,500
extraction_electrons,300,0.030000000000000002,100011,100011,100011,100011,1.0,1.0,9.976976528033545,9.978679855685334,9.986712784245064,0.08050091470921394,0.09758724182784562,1.0149550776009637,6.006161153360798,-0.06454657643773219,-0.6540775005513475,-0.0634722127153096,-0.5906052878360379,extraction,0,0,500
extraction_electrons,1000,0.1,100011,100011,100011,100011,1.0,1.0,9.976976528033545,9.977210832273157,9.97645770986673,-0.007548426299563982,-0.00520015422864617,0.22086707229853578,0.9986490834215971,-0.06454657643773219,-0.24848334702963834,-0.06396039123810739,-0.18452295579153094,extraction,0,0,500
extraction_electrons,0,0.0,100011,100011,100011,100011,1.0,1.0,9.97697652803355,10.490615502178489,13.991807319437067,33.37451283512887,40.24095656757885,22.415885359823562,60.610843536733,4.93545342356225,5.015751332105904,4.922771171921152,0.09298016018475241,extraction,5,0,100
extraction_electrons,100,0.01,100011,100011,100011,100011,1.0,1.0,9.97697652803355,9.978854071383529,11.252280071490107,12.761244838306606,12.782465107271502,2.0266044308065996,8.5101851972695,4.93545342356225,4.045499873592837,4.935530910797464,-0.8900310372046274,extraction,5,0,100
extraction_electrons,200,0.02,100011,100011,100011,100011,1.0,1.0,9.97697652803355,9.978822246867576,10.064996402887338,0.863570408289549,0.8822299481858975,0.5919238701908296,4.2093548283757976,4.93545342356225,4.568806123564475,4.936022338129884,-0.367216214565409,extraction,5,0,100
extraction_electrons,300,0.030000000000000002,100011,100011,100011,100011,1.0,1.0,9.97697652803355,9.978679855685339,9.96776571112236,-0.10937463392777236,-0.09232072347078457,0.35964559900064935,2.945517202723055,4.93545342356225,4.697492698231751,4.936527787284672,-0.23903508905292092,extraction,5,0,100
extraction_electrons,1000,0.1,100011,100011,100011,100011,1.0,1.0,9.97697652803355,9.97721083227316,9.97661166723453,-0.0060053360473322215,-0.0036570277377467875,0.10534764492792455,0.9111677137445,4.93545342356225,4.864296078236474,4.936039608761875,-0.07174353052540106,extraction,5,0,100
extraction_electrons,0,0.0,100011,100011,100011,100011,1.0,1.0,9.97697652803355,10.490615502178489,17.368494621813117,65.56220765317691,74.0857520613655,21.91384871909162,124.2836796489479,4.93545342356225,5.069021678670694,4.922771171921152,0.1462505067495421,extraction,5,0,500
extraction_electrons,100,0.01,100011,100011,100011,100011,1.0,1.0,9.97697652803355,9.978854071383529,11.049997937449788,10.734136990117848,10.754975782505216,5.085475355560717,22.9759596087531,4.93545342356225,3.2180896881247545,4.935530910797464,-1.7174412226727096,extraction,5,0,500
extraction_electrons,200,0.02,100011,100011,100011,100011,1.0,1.0,9.97697652803355,9.978822246867576,10.104730196710065,1.2617516048250232,1.2804848073717512,2.0472104983342323,11.627315298078699,4.93545342356225,4.035540097081286,4.936022338129884,-0.9004822410485973,extraction,5,0,500
extraction_electrons,300,0.030000000000000002,100011,100011,100011,100011,1.0,1.0,9.97697652803355,9.978679855685339,9.986712784245062,0.08050091470914733,0.097587241827779,1.0149550776009597,6.006161153360399,4.93545342356225,4.345922499448637,4.936527787284672,-0.590605287836035,extraction,5,0,500
extraction_electrons,1000,0.1,100011,100011,100011,100011,1.0,1.0,9.97697652803355,9.97721083227316,9.976457709866736,-0.007548426299541777,-0.00520015422864617,0.22086707229853594,0.9986490834216006,4.93545342356225,4.751516652970343,4.936039608761875,-0.18452295579153155,extraction,5,0,500
extraction_electrons,0,0.0,100011,100011,100011,100011,1.0,1.0,9.97697652803356,10.4906155021785,13.991807319437072,33.374512835128776,40.240956567578756,22.41588535982358,60.61084353673301,9.935453423562235,10.015751332105895,9.922771171921138,0.09298016018475685,extraction,10,0,100
extraction_electrons,100,0.01,100011,100011,100011,100011,1.0,1.0,9.97697652803356,9.97885407138354,11.252280071490114,12.76124483830654,12.782465107271456,2.026604430806597,8.5101851972696,9.935453423562235,9.045499873592822,9.93553091079745,-0.8900310372046274,extraction,10,0,100
extraction_electrons,200,0.02,100011,100011,100011,100011,1.0,1.0,9.97697652803356,9.978822246867589,10.06499640288735,0.863570408289549,0.8822299481858975,0.5919238701908298,4.2093548283757976,9.935453423562235,9.568806123564459,9.93602233812987,-0.36721621456541165,extraction,10,0,100
extraction_electrons,300,0.030000000000000002,100011,100011,100011,100011,1.0,1.0,9.97697652803356,9.97867985568535,9.967765711122372,-0.10937463392775015,-0.09232072347076237,0.35964559900064985,2.9455172027231002,9.935453423562235,9.697492698231734,9.936527787284659,-0.23903508905292448,extraction,10,0,100
extraction_electrons,1000,0.1,100011,100011,100011,100011,1.0,1.0,9.97697652803356,9.977210832273173,9.976611667234542,-0.006005336047354426,-0.0036570277377467875,0.1053476449279245,0.9111677137444998,9.935453423562235,9.864296078236459,9.93603960876186,-0.07174353052540106,extraction,10,0,100
extraction_electrons,0,0.0,100011,100011,100011,100011,1.0,1.0,9.97697652803356,10.4906155021785,17.368494621813014,65.56220765317575,74.08575206136427,21.913848719091558,124.2836796489478,9.935453423562235,10.069021678670643,9.922771171921138,0.1462505067495048,extraction,10,0,500
extraction_electrons,100,0.01,100011,100011,100011,100011,1.0,1.0,9.97697652803356,9.97885407138354,11.049997937449794,10.734136990117783,10.754975782505149,5.085475355560716,22.9759596087532,9.935453423562235,8.218089688124731,9.93553091079745,-1.7174412226727185,extraction,10,0,500
extraction_electrons,200,0.02,100011,100011,100011,100011,1.0,1.0,9.97697652803356,9.978822246867589,10.104730196710001,1.2617516048242683,1.2804848073709962,2.047210498334238,11.6273152980785,9.935453423562235,9.035540097081372,9.93602233812987,-0.9004822410484987,extraction,10,0,500
extraction_electrons,300,0.030000000000000002,100011,100011,100011,100011,1.0,1.0,9.97697652803356,9.97867985568535,9.986712784245075,0.08050091470914733,0.09758724182780121,1.0149550776009557,6.0061611533524,9.935453423562235,9.34592249944862,9.936527787284659,-0.5906052878360395,extraction,10,0,500
extraction_electrons,1000,0.1,100011,100011,100011,100011,1.0,1.0,9.97697652803356,9.977210832273173,9.976457709866747,-0.007548426299563982,-0.00520015422864617,0.22086707229853586,0.9986490834216006,9.935453423562235,9.751516652970327,9.93603960876186,-0.18452295579153244,extraction,10,0,500
extraction_electrons,0,0.0,100011,100011,100011,100011,1.0,1.0,9.976976528033545,10.5122669869082,14.465304109603775,37.60404038081053,44.98685116637111,22.929873777635006,61.968259271487206,-0.06454657643773219,0.018511665662049124,-0.0774802778376493,0.09599194349969842,extraction,0,5,100
extraction_electrons,100,0.01,100011,100011,100011,100011,1.0,1.0,9.976976528033545,9.978374279635016,11.021794415436455,10.456814973667283,10.4722897209105,1.923955141190976,8.187048655133701,-0.06454657643773219,-0.9560915523105302,-0.06474349644439502,-0.8913480558661352,extraction,0,5,100
extraction_electrons,200,0.02,100011,100011,100011,100011,1.0,1.0,9.976976528033545,9.978332418751233,10.009984257809446,0.31720569860684833,0.3308390040124509,0.5928905432526532,4.1016060482236005,-0.06454657643773219,-0.44258046338562146,-0.06430698903397099,-0.3782734743516505,extraction,0,5,100
extraction_electrons,300,0.030000000000000002,100011,100011,100011,100011,1.0,1.0,9.976976528033545,9.978239548729011,9.935824822717748,-0.42507223648148296,-0.4124666946962008,0.36080759554086966,2.664127339892099,-0.06454657643773219,-0.306379299690707,-0.06385365221193863,-0.24252564747876837,extraction,0,5,100
extraction_electrons,1000,0.1,100011,100011,100011,100011,1.0,1.0,9.976976528033545,9.977387350104735,9.975182726684741,-0.022096199562404717,-0.01797940832839462,0.10715785609319974,0.8779057693003987,-0.06454657643773219,-0.13712180244662556,-0.0636294691447593,-0.07349233330186626,extraction,0,5,100
extraction_electrons,0,0.0,100011,100011,100011,100011,1.0,1.0,9.976976528033545,10.5122669869082,17.693547218340655,68.31333565229936,77.34377913614317,22.198508850139984,125.82782903899479,-0.06454657643773219,0.07096280650292845,-0.0774802778376493,0.14844308434057774,extraction,0,5,500
extraction_electrons,100,0.01,100011,100011,100011,100011,1.0,1.0,9.976976528033545,9.978374279635016,11.015380669395057,10.392538510772042,10.408004253029768,5.109219787662052,24.6153468933295,-0.06454657643773219,-1.8223646323969405,-0.06474349644439502,-1.7576211359525455,extraction,0,5,500
extraction_electrons,200,0.02,100011,100011,100011,100011,1.0,1.0,9.976976528033545,9.978332418751233,10.086724923028845,1.0862787460750534,1.1000165700192577,2.0548072784823304,11.343103443847598,-0.06454657643773219,-0.9790069228713957,-0.06430698903397099,-0.9146999338374247,extraction,0,5,500
extraction_electrons,300,0.030000000000000002,100011,100011,100011,100011,1.0,1.0,9.976976528033545,9.978239548729011,9.990915506814721,0.12703601696277822,0.13971145208180324,1.0342496209459626,5.798844202371701,-0.06454657643773219,-0.6760522661362842,-0.06385365221193863,-0.6121986139243456,extraction,0,5,500
extraction_electrons,1000,0.1,100011,100011,100011,100011,1.0,1.0,9.976976528033545,9.977387350104735,9.976372120870725,-0.010175301392900682,-0.006058019291932393,0.22430459510066436,1.0508894764832997,-0.06454657643773219,-0.25144391052657267,-0.0636294691447593,-0.18781444138181336,extraction,0,5,500
extraction_electrons,0,0.0,100011,100011,100011,100011,1.0,1.0,9.976976528033545,10.46889590247746,13.507350107050536,29.02363566203794,35.38520481728371,21.887281218241046,58.913894414138,-0.06454657643773219,0.013160342107870267,-0.07695110108264154,0.09011144319051181,extraction,0,-5,100
extraction_electrons,100,0.01,100011,100011,100011,100011,1.0,1.0,9.976976528033545,9.979861289094003,11.464580231122573,14.877150082747859,14.910365869951935,2.138848795409549,8.9318427652963,-0.06454657643773219,-0.948928153747849,-0.06399613948264354,-0.8849320142652055,extraction,0,-5,100
extraction_electrons,200,0.02,100011,100011,100011,100011,1.0,1.0,9.976976528033545,9.979720213148545,10.114972300965439,1.3552693354939693,1.383142202892329,0.5922950133077212,4.4202685511335,-0.06454657643773219,-0.418393468904801,-0.06333048378601272,-0.3550629851187883,extraction,0,-5,100
extraction_electrons,300,0.030000000000000002,100011,100011,100011,100011,1.0,1.0,9.976976528033545,9.97937249774632,10.003360506388882,0.24037592191270551,0.2644486361294218,0.3613398822982397,3.0301556498718005,-0.06454657643773219,-0.2984794005486872,-0.06277226233933571,-0.23570713820935152,extraction,0,-5,100
extraction_electrons,1000,0.1,100011,100011,100011,100011,1.0,1.0,9.976976528033545,9.977136337106039,9.978404841073774,0.0127141087870708,0.014316091014299204,0.10494850053285393,0.7778345233232,-0.06454657643773219,-0.13428884010996692,-0.06380758060295647,-0.07048125950701045,extraction,0,-5,100
extraction_electrons,0,0.0,100011,100011,100011,100011,1.0,1.0,9.976976528033545,10.46889590247746,17.037347135928766,62.74254032745596,70.766635443682,21.62531219568978,123.29802672955721,-0.06454657643773219,0.06694290616320385,-0.07695110108264154,0.1438940072458454,extraction,0,-5,500
extraction_electrons,100,0.01,100011,100011,100011,100011,1.0,1.0,9.976976528033545,9.979861289094003,11.085386730256458,11.077563195899053,11.10968036367006,5.064153551238051,22.5890990044508,-0.06454657643773219,-1.7380428032697617,-0.06399613948264354,-1.674046663787118,extraction,0,-5,500
extraction_electrons,200,0.02,100011,100011,100011,100011,1.0,1.0,9.976976528033545,9.979720213148545,10.12223382576443,1.4280321449104516,1.4559250222022646,2.0416268604487606,12.0798117515926,-0.06454657643773219,-0.9437815872911005,-0.06333048378601272,-0.8804511035050878,extraction,0,-5,500
extraction_electrons,300,0.030000000000000002,100011,100011,100011,100011,1.0,1.0,9.976976528033545,9.97937249774632,9.983621435852227,0.042577207202820766,0.0666024200819848,0.999436872556313,6.1297254168958,-0.06454657643773219,-0.6345266223551743,-0.06277226233933571,-0.5717543600158386,extraction,0,-5,500
extraction_electrons,1000,0.1,100011,100011,100011,100011,1.0,1.0,9.976976528033545,9.977136337106039,9.976957107135306,-0.001796406951626306,-0.00019465715073163636,0.21780307635076554,0.8737935882696011,-0.06454657643773219,-0.24512997379741466,-0.06380758060295647,-0.1813223931944582,extraction,0,-5,500
injection_electrons,300,0.030000000000000002,100031,100031,100031,100031,1.0,1.0,9.998651729884015,10.001144232759604,10.061877224396065,0.6072604316366581,0.6323402016602087,0.1838690195201465,2.4395684889063,1.0257662528495846,0.9894898729372215,1.0375703211062226,-0.048080448169001144,injection,1,0,100
injection_electrons,300,0.030000000000000002,100031,100031,100031,100031,1.0,1.0,9.998651729884015,10.001144232759604,10.061877224396065,0.6072604316366581,0.6323402016602087,0.18386901952014642,2.4395684889063,2.025766252849581,1.9894898729372175,2.0375703211062186,-0.048080448169001144,injection,2,0,100
injection_electrons,300,0.030000000000000002,100031,100031,100031,100031,1.0,1.0,9.998651729884017,10.001144232759605,10.061877224396067,0.6072604316366581,0.6323402016602087,0.18386901952014637,2.4395684889063,3.0257662528495763,2.989489872937214,3.0375703211062146,-0.0480804481690007,injection,3,0,100
injection_electrons,300,0.030000000000000002,100031,100031,100031,100031,1.0,1.0,9.998651729884019,10.001144232759607,10.061877224396067,0.6072604316366581,0.6323402016601865,0.18386901952014637,2.439568488906274,4.025766252849573,3.9894898729372104,4.0375703211062115,-0.048080448169001144,injection,4,0,100
injection_electrons,300,0.030000000000000002,100031,100031,100031,100031,1.0,1.0,9.998651729884022,10.001144232759609,10.06187722439607,0.6072604316366581,0.6323402016601865,0.1838690195201465,2.4395684889062,6.025766252849566,5.989489872937203,6.037570321106204,-0.048080448169001144,injection,6,0,100
injection_electrons,300,0.030000000000000002,100031,100031,100031,100031,1.0,1.0,9.998651729884024,10.001144232759613,10.06187722439607,0.6072604316366359,0.6323402016601642,0.18386901952014656,2.4395684889063,7.0257662528495635,6.989489872937201,7.037570321106201,-0.048080448169000256,injection,7,0,100
injection_electrons,300,0.030000000000000002,100031,100031,100031,100031,1.0,1.0,9.998651729884026,10.001144232759614,10.061877224396076,0.6072604316366581,0.6323402016602087,0.18386901952014664,2.4395684889063,8.02576625284956,7.989489872937196,8.037570321106198,-0.04808044816900203,injection,8,0,100
injection_electrons,300,0.030000000000000002,100031,100031,100031,100031,1.0,1.0,9.99865172988403,10.001144232759618,10.061877224396078,0.6072604316366581,0.6323402016601865,0.18386901952014673,2.4395684889063,9.025766252849559,8.989489872937197,9.037570321106196,-0.04808044816899937,injection,9,0,100
extraction_electrons,300,0.030000000000000002,100011,100011,100011,100011,1.0,1.0,9.976976528033545,9.978679855685334,9.967765711122356,-0.10937463392775015,-0.09232072347076237,0.35964559900064935,2.9455172027231007,0.9354534235622639,0.6974926982317661,0.9365277872846866,-0.23903508905292048,extraction,1,0,100
extraction_electrons,300,0.030000000000000002,100011,100011,100011,100011,1.0,1.0,9.976976528033545,9.978679855685334,9.967765711122356,-0.10937463392775015,-0.09232072347076237,0.35964559900064913,2.9455172027230776,1.93545342356226,1.6974926982317622,1.9365277872846824,-0.23903508905292026,extraction,2,0,100
extraction_electrons,300,0.030000000000000002,100011,100011,100011,100011,1.0,1.0,9.976976528033548,9.978679855685337,9.967765711122357,-0.10937463392777236,-0.09232072347078457,0.3596455990006491,2.945517202723,2.9354534235622562,2.697492698231758,2.9365277872846787,-0.23903508905292048,extraction,3,0,100
extraction_electrons,300,0.030000000000000002,100011,100011,100011,100011,1.0,1.0,9.97697652803355,9.978679855685337,9.967765711122357,-0.10937463392777236,-0.09232072347079567,0.35964559900064913,2.945517202723,3.935453423562253,3.6974926982317546,3.936527787284675,-0.23903508905292048,extraction,4,0,100
extraction_electrons,300,0.030000000000000002,100011,100011,100011,100011,1.0,1.0,9.976976528033552,9.97867985568534,9.967765711122361,-0.10937463392777236,-0.09232072347078457,0.35964559900064935,2.9455172027231002,5.935453423562246,5.697492698231747,5.9365277872846685,-0.2390350890529218,extraction,6,0,100
extraction_electrons,300,0.030000000000000002,100011,100011,100011,100011,1.0,1.0,9.976976528033553,9.978679855685343,9.967765711122363,-0.10937463392777236,-0.09232072347078457,0.3596455990006496,2.9455172027231002,6.935453423562242,6.697492698231744,6.936527787284666,-0.2390350890529218,extraction,7,0,100
extraction_electrons,300,0.030000000000000002,100011,100011,100011,100011,1.0,1.0,9.976976528033557,9.978679855685344,9.967765711122366,-0.10937463392775015,-0.09232072347078457,0.3596455990006496,2.9455172027230994,7.935453423562239,7.697492698231742,7.936527787284662,-0.23903508905292004,extraction,8,0,100
extraction_electrons,300,0.030000000000000002,100011,100011,100011,100011,1.0,1.0,9.976976528033559,9.978679855685348,9.967765711122368,-0.10937463392777236,-0.09232072347078457,0.3596455990006497,2.9455172027230994,8.935453423562237,8.69749269823174,8.93652778728466,-0.23903508905292092,extraction,9,0,100
