family,b_gs,b_t,n_sc_on,n_sc_off,n_all_on,n_all_off,detected_frac_on,detected_frac_off,sigma_initial_mm,sigma_sc_off_mm,sigma_sc_on_mm,expansion_vs_no_sc_pct,expansion_vs_initial_pct,rms_particle_dx_mm,max_abs_particle_dx_mm,species,species_label,beam,power_kw,sigma_x_mm
injection_ions,0,0.0,99988,99988,99988,99988,1.0,1.0,24.954616645821833,24.954616645821833,29.130749236978925,16.734909818205136,16.734909818205136,4.856956298008059,12.238165351663795,ions,H₂⁺,injection,100,25
injection_ions,200,0.02,99988,99988,99988,99988,1.0,1.0,24.954616645821833,24.954616645821833,29.11311819174505,16.664257379483626,16.664257379483626,4.83660306103956,12.181918457656899,ions,H₂⁺,injection,100,25
injection_ions,1000,0.1,99988,99988,99988,99988,1.0,1.0,24.954616645821833,24.954616645821833,28.707080456311623,15.03715269903001,15.03715269903001,4.367545440633887,10.889734903652595,ions,H₂⁺,injection,100,25
injection_ions,0,0.0,99986,99988,99988,99988,0.999979997599712,1.0,24.951020528681767,24.954616645821833,33.536496866239396,34.38995013315276,34.40931936105951,35.95835802536015,182.6043969932386,ions,H₂⁺,injection,200,25
injection_ions,200,0.02,99986,99988,99988,99988,0.999979997599712,1.0,24.951020528681767,24.954616645821833,33.4995499923888,34.24189386615022,34.26124175514307,35.929867016457635,182.5443050645469,ions,H₂⁺,injection,200,25
injection_ions,1000,0.1,99987,99988,99988,99988,0.999989998799856,1.0,24.952689174647368,24.954616645821833,32.65208510135932,30.845869382755176,30.85597657560193,33.29654361703721,155.3993876109454,ions,H₂⁺,injection,200,25
injection_ions,0,0.0,99976,99988,99988,99988,0.9998799855982718,1.0,24.93458362550389,24.954616645821833,38.156194129718195,52.90234537065794,53.025190646018316,41.258293545045646,182.5978534577396,ions,H₂⁺,injection,300,25
injection_ions,200,0.02,99977,99988,99988,99988,0.9998899867984158,1.0,24.936452449401713,24.954616645821833,38.09946673325693,52.675023118962436,52.78623457191496,41.1804953711302,182.5874687968211,ions,H₂⁺,injection,300,25
injection_ions,1000,0.1,99981,99988,99988,99988,0.9999299915989919,1.0,24.942420351713903,24.954616645821833,36.7726844102332,47.358242092611235,47.43029702691377,38.441241682174244,167.4298525629185,ions,H₂⁺,injection,300,25
injection_ions,0,0.0,99940,99988,99988,99988,0.9995199423930872,1.0,24.891359148028847,24.954616645821833,42.981187914781955,72.23742013275256,72.67513460865251,48.811000531016965,172.8993794235261,ions,H₂⁺,injection,400,25
injection_ions,200,0.02,99943,99988,99988,99988,0.9995499459935192,1.0,24.89471905922518,24.954616645821833,42.90324984674702,71.92510089683282,72.33875885355074,48.71402905107785,178.3342198917129,ions,H₂⁺,injection,400,25
injection_ions,1000,0.1,99961,99988,99988,99988,0.9997299675961115,1.0,24.914883968538454,24.954616645821833,41.059899875978104,64.53829148624806,64.80068672134675,44.684650362028364,172.4897819378404,ions,H₂⁺,injection,400,25
injection_ions,0,0.0,99649,99988,99988,99988,0.9966095931511781,1.0,24.674769820691825,24.954616645821833,47.79660049926834,91.53410039368788,93.70636827252976,52.81434035369162,192.0548577909936,ions,H₂⁺,injection,500,25
injection_ions,200,0.02,99670,99988,99988,99988,0.9968196183542025,1.0,24.6875406966988,24.954616645821833,47.710799851321006,91.19027364144765,93.25861752483453,52.77813003364939,192.3308722480982,ions,H₂⁺,injection,500,25
injection_ions,1000,0.1,99886,99988,99988,99988,0.9989798775853103,1.0,24.836355312056817,24.954616645821833,45.47953026682683,82.24896383828639,83.11676449864918,50.86310892546415,184.4747273382395,ions,H₂⁺,injection,500,25
extraction_ions,0,0.0,100007,100007,100007,100007,1.0,1.0,10.019461502661958,10.019461502661958,13.371348942553185,33.45376833875455,33.45376833875455,4.209509045279266,27.496022460736,ions,H₂⁺,extraction,100,10
extraction_ions,200,0.02,100007,100007,100007,100007,1.0,1.0,10.019461502661958,10.019461502661958,13.363938559935443,33.37980844963502,33.37980844963502,4.199838398732233,27.344171535088194,ions,H₂⁺,extraction,100,10
extraction_ions,1000,0.1,100007,100007,100007,100007,1.0,1.0,10.019461502661958,10.019461502661958,13.190293613306471,31.646731810907113,31.646731810907113,3.9727106756264328,24.2730957339331,ions,H₂⁺,extraction,100,10
extraction_ions,0,0.0,100007,100007,100007,100007,1.0,1.0,10.019461502661958,10.019461502661958,16.752449426790996,67.1990996955298,67.1990996955298,8.10256374161998,59.0913073066709,ions,H₂⁺,extraction,200,10
extraction_ions,200,0.02,100007,100007,100007,100007,1.0,1.0,10.019461502661958,10.019461502661958,16.737935288169663,67.05424022760853,67.05424022760853,8.0849644310038,58.704908650998505,ions,H₂⁺,extraction,200,10
extraction_ions,1000,0.1,100007,100007,100007,100007,1.0,1.0,10.019461502661958,10.019461502661958,16.39817713223017,63.66325802912185,63.66325802912185,7.671950588111705,49.9093405764962,ions,H₂⁺,extraction,200,10
extraction_ions,0,0.0,100007,100007,100007,100007,1.0,1.0,10.019461502661958,10.019461502661958,20.079243810437465,100.40242487186397,100.40242487186397,11.811465355909336,93.28539551272749,ions,H₂⁺,extraction,300,10
extraction_ions,200,0.02,100007,100007,100007,100007,1.0,1.0,10.019461502661958,10.019461502661958,20.057538368270002,100.1857920502129,100.1857920502129,11.785898483231662,92.5598557418296,ions,H₂⁺,extraction,300,10
extraction_ions,1000,0.1,100007,100007,100007,100007,1.0,1.0,10.019461502661958,10.019461502661958,19.551935666968348,95.13958571300279,95.13958571300279,11.189487838062252,76.2387967672847,ions,H₂⁺,extraction,300,10
extraction_ions,0,0.0,99915,100007,100007,100007,0.9990800643954924,1.0,10.017826794302712,10.019461502661958,23.122804794712533,130.77891749540927,130.81657598495133,17.184192605197147,141.0210140224166,ions,H₂⁺,extraction,400,10
extraction_ions,200,0.02,99919,100007,100007,100007,0.9991200615956883,1.0,10.017970183265229,10.019461502661958,23.105055320944757,130.60176751820677,130.63609591832463,16.837543897061664,135.83771365151551,ions,H₂⁺,extraction,400,10
extraction_ions,1000,0.1,100000,100007,100007,100007,0.999930004899657,1.0,10.01933584938124,10.019461502661958,22.638424827162286,125.94452627167377,125.94735985978906,14.657132730406794,118.0086750280234,ions,H₂⁺,extraction,400,10
extraction_ions,0,0.0,99519,100007,100007,100007,0.9951203415760896,1.0,10.011266502046952,10.019461502661958,25.21925171852025,151.70266597481344,151.90870419206001,22.733245946410083,131.9056007439051,ions,H₂⁺,extraction,500,10
extraction_ions,200,0.02,99527,100007,100007,100007,0.9952003359764816,1.0,10.011400609219558,10.019461502661958,25.209047784907504,151.6008248368437,151.80340662516633,22.714261418724636,144.69658062390351,ions,H₂⁺,extraction,500,10
extraction_ions,1000,0.1,99714,100007,100007,100007,0.997070205085644,1.0,10.014268152372116,10.019461502661958,24.938499480915084,148.900596846342,149.02967547366717,21.072225445338265,131.2475769338537,ions,H₂⁺,extraction,500,10
injection_ions,0,0.0,99988,99988,99988,99988,1.0,1.0,9.98184665832871,9.98184665832871,19.164032980973783,91.98885373563206,91.98885373563206,10.010209674958533,24.225669845188,ions,H₂⁺,injection,100,10
injection_ions,200,0.02,99988,99988,99988,99988,1.0,1.0,9.98184665832871,9.98184665832871,19.122859252188363,91.57636764768895,91.57636764768895,9.9671093015538,24.1142782140261,ions,H₂⁺,injection,100,10
injection_ions,1000,0.1,99988,99988,99988,99988,1.0,1.0,9.98184665832871,9.98184665832871,18.17292230124564,82.05972224670887,82.05972224670887,8.970522525702576,21.5410687533537,ions,H₂⁺,injection,100,10
injection_ions,0,0.0,99988,99988,99988,99988,1.0,1.0,9.98184665832871,9.98184665832871,29.59122636055935,196.45042018221002,196.45042018221002,20.92471288884578,51.7122105607486,ions,H₂⁺,injection,200,10
injection_ions,200,0.02,99988,99988,99988,99988,1.0,1.0,9.98184665832871,9.98184665832871,29.503277710711917,195.5693342182812,195.5693342182812,20.834387533520772,51.456497421212006,ions,H₂⁺,injection,200,10
injection_ions,1000,0.1,99988,99988,99988,99988,1.0,1.0,9.98184665832871,9.98184665832871,27.479009465132748,175.2898376995669,175.2898376995669,18.7525559043276,45.5896731639924,ions,H₂⁺,injection,200,10
injection_ions,0,0.0,99988,99988,99988,99988,1.0,1.0,9.98184665832871,9.98184665832871,41.33892192486574,314.14102359880604,314.14102359880604,33.12579897356196,85.2446603217735,ions,H₂⁺,injection,300,10
injection_ions,200,0.02,99988,99988,99988,99988,1.0,1.0,9.98184665832871,9.98184665832871,41.190635748723324,312.655465052195,312.655465052195,32.97395279013489,84.7329620327775,ions,H₂⁺,injection,300,10
injection_ions,1000,0.1,99988,99988,99988,99988,1.0,1.0,9.98184665832871,9.98184665832871,37.79824004408544,278.6698126898907,278.6698126898907,29.49646730702667,73.3989188066826,ions,H₂⁺,injection,300,10
injection_ions,0,0.0,95884,99988,99988,99988,0.9589550746089531,1.0,9.998197710815651,9.98184665832871,50.00395944958364,400.9489843030303,400.12973233657254,50.18354195773881,142.5500914028216,ions,H₂⁺,injection,400,10
injection_ions,200,0.02,96078,99988,99988,99988,0.9608953074368924,1.0,9.999732756686802,9.98184665832871,50.00088801013043,400.91821405020687,400.0222428613898,50.14611321648726,146.6450473851184,ions,H₂⁺,injection,400,10
injection_ions,1000,0.1,99987,99988,99988,99988,0.999989998799856,1.0,9.981872442262139,9.98184665832871,48.907700349465514,389.96645634360283,389.96519072309263,47.833563049840336,145.5591811888652,ions,H₂⁺,injection,400,10
injection_ions,0,0.0,87346,99988,99988,99988,0.8735648277793335,1.0,9.851981149820224,9.98184665832871,51.92168505308405,420.1611167785406,427.0177060177536,52.41950724344971,136.4568098913304,ions,H₂⁺,injection,500,10
injection_ions,200,0.02,87562,99988,99988,99988,0.8757250870104413,1.0,9.855882746944273,9.98184665832871,51.9429851210261,420.3745048285792,427.02519352851016,52.505351108963296,143.2275914512922,ions,H₂⁺,injection,500,10
injection_ions,1000,0.1,92931,99988,99988,99988,0.92942153058367,1.0,9.959262215525184,9.98184665832871,52.08818432917127,421.82913755451887,423.01248026156617,52.592352581917055,142.2308428611069,ions,H₂⁺,injection,500,10
injection_h2o_ions,0,0.0,99988,99988,99988,99988,1.0,1.0,24.954616645821833,24.954616645821833,27.54253554265288,10.370501513051078,10.370501513051078,3.0834397975173644,8.073844892740496,h2o_ions,H₂O⁺,injection,100,25
injection_h2o_ions,200,0.02,99988,99988,99988,99988,1.0,1.0,24.954616645821833,24.954616645821833,27.541082698530317,10.364679567784663,10.364679567784663,3.08174622002388,8.069438598327395,h2o_ions,H₂O⁺,injection,100,25
injection_h2o_ions,1000,0.1,99988,99988,99988,99988,1.0,1.0,24.954616645821833,24.954616645821833,27.506386515847954,10.225642438203364,10.225642438203364,3.0413014825220337,7.964053654755993,h2o_ions,H₂O⁺,injection,100,25
injection_h2o_ions,0,0.0,99988,99988,99988,99988,1.0,1.0,24.954616645821833,24.954616645821833,30.230206636949006,21.140737467551784,21.140737467551784,6.194508812835312,16.319677641041096,h2o_ions,H₂O⁺,injection,200,25
injection_h2o_ions,200,0.02,99988,99988,99988,99988,1.0,1.0,24.954616645821833,24.954616645821833,30.227187459687983,21.12863879537472,21.12863879537472,6.1910711091618245,16.310587119036995,h2o_ions,H₂O⁺,injection,200,25
injection_h2o_ions,1000,0.1,99988,99988,99988,99988,1.0,1.0,24.954616645821833,24.954616645821833,30.155100929437534,20.83976827785259,20.83976827785259,6.108983783506241,16.093138230813096,h2o_ions,H₂O⁺,injection,200,25
injection_h2o_ions,0,0.0,99987,99988,99988,99988,0.999989998799856,1.0,24.952689174647368,24.954616645821833,33.00133010770452,32.24539000574049,32.25560530459697,32.94597758888558,154.347653931077,h2o_ions,H₂O⁺,injection,300,25
injection_h2o_ions,200,0.02,99987,99988,99988,99988,0.999989998799856,1.0,24.952689174647368,24.954616645821833,32.996640284227915,32.226596595514366,32.236810442673345,32.94282021253216,154.3360591269305,h2o_ions,H₂O⁺,injection,300,25
injection_h2o_ions,1000,0.1,99987,99988,99988,99988,0.999989998799856,1.0,24.952689174647368,24.954616645821833,32.88468780521685,31.777972276415454,31.78815146957632,32.86759176573557,154.05904608390392,h2o_ions,H₂O⁺,injection,300,25
injection_h2o_ions,0,0.0,99983,99988,99988,99988,0.9999499939992799,1.0,24.945966963664002,24.954616645821833,35.84427777650153,43.63786182426872,43.687666341865494,42.498665766642965,183.0909380725607,h2o_ions,H₂O⁺,injection,400,25
injection_h2o_ions,200,0.02,99983,99988,99988,99988,0.9999499939992799,1.0,24.945966963664002,24.954616645821833,35.83781111977826,43.61194815540716,43.66174368778404,42.49338700774447,183.08945853151073,h2o_ions,H₂O⁺,injection,400,25
injection_h2o_ions,1000,0.1,99984,99988,99988,99988,0.9999599951994239,1.0,24.947820968632566,24.954616645821833,35.68499371468583,42.99956685834558,43.038519314185166,42.30911781670905,183.0539208355505,h2o_ions,H₂O⁺,injection,400,25
injection_h2o_ions,0,0.0,99975,99988,99988,99988,0.9998699843981278,1.0,24.93383329816213,24.954616645821833,38.75288259450073,55.29343986532107,55.42288316075812,44.715570391447415,171.2974736618737,h2o_ions,H₂O⁺,injection,500,25
injection_h2o_ions,200,0.02,99975,99988,99988,99988,0.9998699843981278,1.0,24.93383329816213,24.954616645821833,38.74452286504396,55.25994013428765,55.38935550635855,44.70856941951541,171.281190388349,h2o_ions,H₂O⁺,injection,500,25
injection_h2o_ions,1000,0.1,99976,99988,99988,99988,0.9998799855982718,1.0,24.935192216149048,24.954616645821833,38.54643459616264,54.466146057252665,54.58647465808744,44.66373771505458,168.3571571555628,h2o_ions,H₂O⁺,injection,500,25
extraction_h2o_ions,0,0.0,100007,100007,100007,100007,1.0,1.0,10.019461502661958,10.019461502661958,15.591879166802789,55.61593966562333,55.61593966562333,5.873384682202334,11.5091923760751,h2o_ions,H₂O⁺,extraction,100,10
extraction_h2o_ions,200,0.02,100007,100007,100007,100007,1.0,1.0,10.019461502661958,10.019461502661958,15.589072676070325,55.58792927073615,55.58792927073615,5.870447399324732,11.501700133610699,h2o_ions,H₂O⁺,extraction,100,10
extraction_h2o_ions,1000,0.1,100007,100007,100007,100007,1.0,1.0,10.019461502661958,10.019461502661958,15.522007062793644,54.91857580040382,54.91857580040382,5.800250059407798,11.3224962089694,h2o_ions,H₂O⁺,extraction,100,10
extraction_h2o_ions,0,0.0,100007,100007,100007,100007,1.0,1.0,10.019461502661958,10.019461502661958,21.3395224774888,112.98073226609375,112.98073226609375,11.790130642590297,23.601970755407393,h2o_ions,H₂O⁺,extraction,200,10
extraction_h2o_ions,200,0.02,100007,100007,100007,100007,1.0,1.0,10.019461502661958,10.019461502661958,21.333824223171263,112.92386040410776,112.92386040410776,11.784253229309108,23.586492629355597,h2o_ions,H₂O⁺,extraction,200,10
extraction_h2o_ions,1000,0.1,100007,100007,100007,100007,1.0,1.0,10.019461502661958,10.019461502661958,21.197617243089667,111.56443624697702,111.56443624697702,11.643747992455653,23.215673534504894,h2o_ions,H₂O⁺,extraction,200,10
extraction_h2o_ions,0,0.0,100007,100007,100007,100007,1.0,1.0,10.019461502661958,10.019461502661958,27.21939338710883,171.66523250652958,171.66523250652958,17.797494080952475,36.270090234836005,h2o_ions,H₂O⁺,extraction,300,10
extraction_h2o_ions,200,0.02,100007,100007,100007,100007,1.0,1.0,10.019461502661958,10.019461502661958,27.210713509064846,171.57860232144748,171.57860232144748,17.78859305724854,36.246040097846596,h2o_ions,H₂O⁺,extraction,300,10
extraction_h2o_ions,1000,0.1,100007,100007,100007,100007,1.0,1.0,10.019461502661958,10.019461502661958,27.0031997833319,169.5074957487259,169.5074957487259,17.575770631033745,35.6689274349939,h2o_ions,H₂O⁺,extraction,300,10
extraction_h2o_ions,0,0.0,100007,100007,100007,100007,1.0,1.0,10.019461502661958,10.019461502661958,33.26542513878647,232.0081137089908,232.0081137089908,23.95960258249002,49.3484499045989,h2o_ions,H₂O⁺,extraction,400,10
extraction_h2o_ions,200,0.02,100007,100007,100007,100007,1.0,1.0,10.019461502661958,10.019461502661958,33.25359240630719,231.8900162196583,231.8900162196583,23.947498969275294,49.3153555744525,h2o_ions,H₂O⁺,extraction,400,10
extraction_h2o_ions,1000,0.1,100007,100007,100007,100007,1.0,1.0,10.019461502661958,10.019461502661958,32.97097305528783,229.06931222329803,229.06931222329803,23.658410011449416,48.5200222150543,h2o_ions,H₂O⁺,extraction,400,10
extraction_h2o_ions,0,0.0,100007,100007,100007,100007,1.0,1.0,10.019461502661958,10.019461502661958,39.55103231204208,294.74209568582313,294.74209568582313,30.366157986190263,62.8867658532144,h2o_ions,H₂O⁺,extraction,500,10
extraction_h2o_ions,200,0.02,100007,100007,100007,100007,1.0,1.0,10.019461502661958,10.019461502661958,39.53580907096874,294.59015896677596,294.59015896677596,30.350608648575975,62.8438519849219,h2o_ions,H₂O⁺,extraction,500,10
extraction_h2o_ions,1000,0.1,100007,100007,100007,100007,1.0,1.0,10.019461502661958,10.019461502661958,39.172055666808056,290.95969036260954,290.95969036260954,29.979046750360137,61.8111875335932,h2o_ions,H₂O⁺,extraction,500,10
injection_h2o_ions,0,0.0,99988,99988,99988,99988,1.0,1.0,9.98184665832871,9.98184665832871,16.438945412356553,64.68841863684744,64.68841863684744,7.208158286892904,18.076613610600297,h2o_ions,H₂O⁺,injection,100,10
injection_h2o_ions,200,0.02,99988,99988,99988,99988,1.0,1.0,9.98184665832871,9.98184665832871,16.435259074036292,64.65148821258386,64.65148821258386,7.2042528741776835,18.067011822463797,h2o_ions,H₂O⁺,injection,100,10
injection_h2o_ions,1000,0.1,99988,99988,99988,99988,1.0,1.0,9.98184665832871,9.98184665832871,16.3472334721162,63.769631328450686,63.769631328450686,7.110963623906262,17.8375532445134,h2o_ions,H₂O⁺,injection,100,10
injection_h2o_ions,0,0.0,99988,99988,99988,99988,1.0,1.0,9.98184665832871,9.98184665832871,23.491705538912523,135.34428390874328,135.34428390874328,14.654642049856168,37.078894567913295,h2o_ions,H₂O⁺,injection,200,10
injection_h2o_ions,200,0.02,99988,99988,99988,99988,1.0,1.0,9.98184665832871,9.98184665832871,23.48392367860007,135.26632378193688,135.26632378193688,14.646605257487156,37.057339222485695,h2o_ions,H₂O⁺,injection,200,10
injection_h2o_ions,1000,0.1,99988,99988,99988,99988,1.0,1.0,9.98184665832871,9.98184665832871,23.298138822128152,133.40509646768135,133.40509646768135,14.454704510974963,36.5448323089732,h2o_ions,H₂O⁺,injection,200,10
injection_h2o_ions,0,0.0,99988,99988,99988,99988,1.0,1.0,9.98184665832871,9.98184665832871,30.89391530964394,209.50100083802127,209.50100083802127,22.33582024378068,57.287584173410195,h2o_ions,H₂O⁺,injection,300,10
injection_h2o_ions,200,0.02,99988,99988,99988,99988,1.0,1.0,9.98184665832871,9.98184665832871,30.88153868282246,209.37700948406524,209.37700948406524,22.32313383743332,57.2527254784483,h2o_ions,H₂O⁺,injection,300,10
injection_h2o_ions,1000,0.1,99988,99988,99988,99988,1.0,1.0,9.98184665832871,9.98184665832871,30.58626639771147,206.4189167060659,206.4189167060659,22.020460229515887,56.4193531297736,h2o_ions,H₂O⁺,injection,300,10
injection_h2o_ions,0,0.0,99988,99988,99988,99988,1.0,1.0,9.98184665832871,9.98184665832871,38.55803739939862,286.28160418820244,286.28160418820244,30.225936163180236,78.8444475624939,h2o_ions,H₂O⁺,injection,400,10
injection_h2o_ions,200,0.02,99988,99988,99988,99988,1.0,1.0,9.98184665832871,9.98184665832871,38.54028759863617,286.1037833763826,286.1037833763826,30.207778577798322,78.78834195729989,h2o_ions,H₂O⁺,injection,400,10
injection_h2o_ions,1000,0.1,99988,99988,99988,99988,1.0,1.0,9.98184665832871,9.98184665832871,38.11737128159893,281.86692889931686,281.86692889931686,29.775106417230834,77.44893060113739,h2o_ions,H₂O⁺,injection,400,10
injection_h2o_ions,0,0.0,99870,99988,99988,99988,0.9988198583830059,1.0,9.98012591869202,9.98184665832871,46.293807879689616,363.7799944668828,363.8599578486763,46.73582323607706,135.66042148573828,h2o_ions,H₂O⁺,injection,500,10
injection_h2o_ions,200,0.02,99877,99988,99988,99988,0.998889866784014,1.0,9.980277298511357,9.98184665832871,46.27733307053336,363.6149467585762,363.6878484071382,46.77363477353492,141.8543411905239,h2o_ions,H₂O⁺,injection,500,10
injection_h2o_ions,1000,0.1,99988,99988,99988,99988,1.0,1.0,9.98184665832871,9.98184665832871,45.82329457360816,359.0663044835883,359.0663044835883,37.66966520865844,99.60316498940911,h2o_ions,H₂O⁺,injection,500,10
injection_n2_ions,0,0.0,99988,99988,99988,99988,1.0,1.0,24.954616645821833,24.954616645821833,27.185233834394513,8.938695473593473,8.938695473593473,2.6449415436429917,6.957392168409207,n2_ions,N₂⁺,injection,100,25
injection_n2_ions,200,0.02,99988,99988,99988,99988,1.0,1.0,24.954616645821833,24.954616645821833,27.18440139052881,8.935359642482466,8.935359642482466,2.6439646926934572,6.9549186299454036,n2_ions,N₂⁺,injection,100,25
injection_n2_ions,1000,0.1,99988,99988,99988,99988,1.0,1.0,24.954616645821833,24.954616645821833,27.164487749369147,8.855560215216984,8.855560215216984,2.620596966095139,6.895786361452707,n2_ions,N₂⁺,injection,100,25
injection_n2_ions,0,0.0,99988,99988,99988,99988,1.0,1.0,24.954616645821833,24.954616645821833,29.49101327548847,18.178586728264445,18.178586728264445,5.310170898743171,14.049917836369104,n2_ions,N₂⁺,injection,200,25
injection_n2_ions,200,0.02,99988,99988,99988,99988,1.0,1.0,24.954616645821833,24.954616645821833,29.489290453184726,18.171682906305577,18.171682906305577,5.30819192764168,14.044761174396896,n2_ions,N₂⁺,injection,200,25
injection_n2_ions,1000,0.1,99988,99988,99988,99988,1.0,1.0,24.954616645821833,24.954616645821833,29.448081711043578,18.00654816299929,18.00654816299929,5.26085487781741,13.921527761195705,n2_ions,N₂⁺,injection,200,25
injection_n2_ions,0,0.0,99987,99988,99988,99988,0.999989998799856,1.0,24.952689174647368,24.954616645821833,31.860836744812374,27.675119986853637,27.684982255074452,32.207654747835136,151.395571423558,n2_ions,N₂⁺,injection,300,25
injection_n2_ions,200,0.02,99987,99988,99988,99988,0.999989998799856,1.0,24.952689174647368,24.954616645821833,31.858170659153586,27.664436249665325,27.674297692620577,32.20595723273999,151.3890339456192,n2_ions,N₂⁺,injection,300,25
injection_n2_ions,1000,0.1,99987,99988,99988,99988,0.999989998799856,1.0,24.952689174647368,24.954616645821833,31.794411577369786,27.408936104386704,27.418777811226057,32.165411665518825,151.232639669533,n2_ions,N₂⁺,injection,300,25
injection_n2_ions,0,0.0,99987,99988,99988,99988,0.999989998799856,1.0,24.952689174647368,24.954616645821833,34.29207502493999,37.417759253302464,37.4283740919664,33.76856820515569,156.43344600149788,n2_ions,N₂⁺,injection,400,25
injection_n2_ions,200,0.02,99987,99988,99988,99988,0.999989998799856,1.0,24.952689174647368,24.954616645821833,34.28841361004922,37.403086958621536,37.41370066392366,33.76605755953767,156.4245919386446,n2_ions,N₂⁺,injection,400,25
injection_n2_ions,1000,0.1,99987,99988,99988,99988,0.999989998799856,1.0,24.952689174647368,24.954616645821833,34.200872981857295,37.05228762784287,37.06287423564088,33.70611991818228,156.21281060906108,n2_ions,N₂⁺,injection,400,25
injection_n2_ions,0,0.0,99981,99988,99988,99988,0.9999299915989919,1.0,24.942456172238437,24.954616645821833,36.7705253608754,47.349590189083976,47.42142917665782,43.09200174769036,173.43958858843038,n2_ions,N₂⁺,injection,500,25
injection_n2_ions,200,0.02,99981,99988,99988,99988,0.9999299915989919,1.0,24.942456172238437,24.954616645821833,36.76581595933764,47.33071832419178,47.40254811095503,43.08814603993263,173.428378106484,n2_ions,N₂⁺,injection,500,25
injection_n2_ions,1000,0.1,99981,99988,99988,99988,0.9999299915989919,1.0,24.942456172238437,24.954616645821833,36.65320587101361,46.87945878403417,46.95106856320559,42.995985460887724,173.1601834791099,n2_ions,N₂⁺,injection,500,25
extraction_n2_ions,0,0.0,100007,100007,100007,100007,1.0,1.0,10.019461502661958,10.019461502661958,15.019244617612879,49.900716856116325,49.900716856116325,5.252899805878572,10.286619685036701,n2_ions,N₂⁺,extraction,100,10
extraction_n2_ions,200,0.02,100007,100007,100007,100007,1.0,1.0,10.019461502661958,10.019461502661958,15.017565135082691,49.88395465258131,49.88395465258131,5.251145302089442,10.2824130354397,n2_ions,N₂⁺,extraction,100,10
extraction_n2_ions,1000,0.1,100007,100007,100007,100007,1.0,1.0,10.019461502661958,10.019461502661958,14.97736186633909,49.482702861425466,49.482702861425466,5.209142383867832,10.182139681031199,n2_ions,N₂⁺,extraction,100,10
extraction_n2_ions,0,0.0,100007,100007,100007,100007,1.0,1.0,10.019461502661958,10.019461502661958,20.255141909397,102.15798926933988,102.15798926933988,10.645560449796355,20.9756021789786,n2_ions,N₂⁺,extraction,200,10
extraction_n2_ions,200,0.02,100007,100007,100007,100007,1.0,1.0,10.019461502661958,10.019461502661958,20.25173648876189,102.1240012088617,102.1240012088617,10.642053305677377,20.967023384945694,n2_ions,N₂⁺,extraction,200,10
extraction_n2_ions,1000,0.1,100007,100007,100007,100007,1.0,1.0,10.019461502661958,10.019461502661958,20.170232253657606,101.31054197172978,101.31054197172978,10.558105700264782,20.7627956585042,n2_ions,N₂⁺,extraction,200,10
extraction_n2_ions,0,0.0,100007,100007,100007,100007,1.0,1.0,10.019461502661958,10.019461502661958,25.7109337752607,156.60993625685222,156.60993625685222,16.23117715804075,31.969214293369696,n2_ions,N₂⁺,extraction,300,10
extraction_n2_ions,200,0.02,100007,100007,100007,100007,1.0,1.0,10.019461502661958,10.019461502661958,25.705752836584303,156.55822750309315,156.55822750309315,16.225876140120356,31.956423003344696,n2_ions,N₂⁺,extraction,300,10
extraction_n2_ions,1000,0.1,100007,100007,100007,100007,1.0,1.0,10.019461502661958,10.019461502661958,25.58177372085507,155.32084447910236,155.32084447910236,16.09900642151459,31.648565044020593,n2_ions,N₂⁺,extraction,300,10
extraction_n2_ions,0,0.0,100007,100007,100007,100007,1.0,1.0,10.019461502661958,10.019461502661958,31.427241914351992,213.66198578638623,213.66198578638623,22.077146615937696,45.0648005349883,n2_ions,N₂⁺,extraction,400,10
extraction_n2_ions,200,0.02,100007,100007,100007,100007,1.0,1.0,10.019461502661958,10.019461502661958,31.42019291846718,213.59163274512812,213.59163274512812,22.06995779821192,45.0458459643295,n2_ions,N₂⁺,extraction,400,10
extraction_n2_ions,1000,0.1,100007,100007,100007,100007,1.0,1.0,10.019461502661958,10.019461502661958,31.251585331751865,211.90883186136284,211.90883186136284,21.898018267387332,44.596840092730496,n2_ions,N₂⁺,extraction,400,10
extraction_n2_ions,0,0.0,100007,100007,100007,100007,1.0,1.0,10.019461502661958,10.019461502661958,37.467425433876706,273.9464982616322,273.9464982616322,28.26065592123345,58.879659893877104,n2_ions,N₂⁺,extraction,500,10
extraction_n2_ions,200,0.02,100007,100007,100007,100007,1.0,1.0,10.019461502661958,10.019461502661958,37.4583500473086,273.85592067354827,273.85592067354827,28.25141887248693,58.85365315730749,n2_ions,N₂⁺,extraction,500,10
extraction_n2_ions,1000,0.1,100007,100007,100007,100007,1.0,1.0,10.019461502661958,10.019461502661958,37.2413011223491,271.68964731742193,271.68964731742193,28.030520417230804,58.238171702702004,n2_ions,N₂⁺,extraction,500,10
injection_n2_ions,0,0.0,99988,99988,99988,99988,1.0,1.0,9.98184665832871,9.98184665832871,15.598355841697957,56.267235669092486,56.267235669092486,6.317715986966673,16.1083471527175,n2_ions,N₂⁺,injection,100,10
injection_n2_ions,200,0.02,99988,99988,99988,99988,1.0,1.0,9.98184665832871,9.98184665832871,15.596207622722346,56.24571441106134,56.24571441106134,6.315422541522323,16.1026653575582,n2_ions,N₂⁺,injection,100,10
injection_n2_ions,1000,0.1,99988,99988,99988,99988,1.0,1.0,9.98184665832871,9.98184665832871,15.544829394992293,55.73099775102146,55.73099775102146,6.26056392318498,15.9667331821261,n2_ions,N₂⁺,injection,100,10
injection_n2_ions,0,0.0,99988,99988,99988,99988,1.0,1.0,9.98184665832871,9.98184665832871,21.698158559366405,117.37619602943683,117.37619602943683,12.788882454374958,32.8051338234755,n2_ions,N₂⁺,injection,200,10
injection_n2_ions,200,0.02,99988,99988,99988,99988,1.0,1.0,9.98184665832871,9.98184665832871,21.69363484956637,117.33087666163966,117.33087666163966,12.78418932385175,32.7929314965196,n2_ions,N₂⁺,injection,200,10
injection_n2_ions,1000,0.1,99988,99988,99988,99988,1.0,1.0,9.98184665832871,9.98184665832871,21.58540645600006,116.24662444588355,116.24662444588355,12.671890994674316,32.500715043979206,n2_ions,N₂⁺,injection,200,10
injection_n2_ions,0,0.0,99988,99988,99988,99988,1.0,1.0,9.98184665832871,9.98184665832871,28.06622858054833,181.17270822959668,181.17270822959668,19.41116284467121,50.201300604986194,n2_ions,N₂⁺,injection,300,10
injection_n2_ions,200,0.02,99988,99988,99988,99988,1.0,1.0,9.98184665832871,9.98184665832871,28.059103749944494,181.10133034885263,181.10133034885263,19.403843428484464,50.1808861212747,n2_ions,N₂⁺,injection,300,10
injection_n2_ions,1000,0.1,99988,99988,99988,99988,1.0,1.0,9.98184665832871,9.98184665832871,27.88868179185027,179.39401141351289,179.39401141351289,19.228739526934564,49.69298091185679,n2_ions,N₂⁺,injection,300,10
injection_n2_ions,0,0.0,99988,99988,99988,99988,1.0,1.0,9.98184665832871,9.98184665832871,34.637777991411056,247.00771487518085,247.00771487518085,26.182897602891906,68.4341686332424,n2_ions,N₂⁺,injection,400,10
injection_n2_ions,200,0.02,99988,99988,99988,99988,1.0,1.0,9.98184665832871,9.98184665832871,34.62773055690667,246.90705780391636,246.90705780391636,26.17261116139915,68.4042433591597,n2_ions,N₂⁺,injection,400,10
injection_n2_ions,1000,0.1,99988,99988,99988,99988,1.0,1.0,9.98184665832871,9.98184665832871,34.38755253547432,244.50090962659542,244.50090962659542,25.926692014326072,67.6879017303613,n2_ions,N₂⁺,injection,400,10
injection_n2_ions,0,0.0,99988,99988,99988,99988,1.0,1.0,9.98184665832871,9.98184665832871,41.393276387885315,314.68555673861573,314.68555673861573,33.1091226341172,87.6930360956909,n2_ions,N₂⁺,injection,500,10
injection_n2_ions,200,0.02,99988,99988,99988,99988,1.0,1.0,9.98184665832871,9.98184665832871,41.37987951622917,314.5513443817772,314.5513443817772,33.09542043347398,87.64992557610469,n2_ions,N₂⁺,injection,500,10
injection_n2_ions,1000,0.1,99988,99988,99988,99988,1.0,1.0,9.98184665832871,9.98184665832871,41.059761437007054,311.3443418082102,311.3443418082102,32.76798178623983,86.61992372185381,n2_ions,N₂⁺,injection,500,10
